post_id,opinion,set_a_arg1,set_a_arg2,set_a_arg3,set_b_arg1,set_b_arg2,set_b_arg3
t3_qbf3g4,"Minimum Wage Should be Tied to Housing Costs I believe we should start with determining a minimum number of work hours that would allow someone to be independent. I define ""independent"" as being able to afford single-occupancy housing on a single income. Let's say my hypothetical society has agreed that working 50 hours per week should allow for independence. ""Independence"" is when that worker can afford a studio apartment within a 30 minute commute of their employer (where rent for the apartment equals no more than 28 of gross wages). I think that we should work backwards from the cost of ""independent"" living, to determine the minimum wage based on the location of the job. I believe using cost of housing is a more realistic and helpful adjustment factor than inflation. Inflation faces criticism from what it does and does not factor in. I think using actual housing costs tied to specific geographic areas would be most beneficial for the workers, because it reflects their housing reality. If a city's average rent goes up by 50 a year, the minimum wages should reflect that. Currently, low-wage workers in sectors such as retail have to commute in to higher-cost cities. If minimum wage was tied to the housing costs in the vicinity of the employment, more workers could afford to live near where they work. I am open to refining this idea, and welcome suggestions. I am sure I am overlooking some economic issues. The 50 hours per week was arbitrary. Personally, I feel like that number could be 32 - 40 hours per week. The commute length of 30 minutes is also arbitrary.","The idea of adjusting minimum wages based on location-specific housing costs could lead to unintended consequences for local economies. For example, if a city experiences a surge in popularity among remote workers or tourists, rents may skyrocket, but this does not necessarily translate to higher demand for low-skilled labor. In such scenarios, tying minimum wages to housing costs would effectively penalize businesses and employees who already face intense competition for resources. Furthermore, the proposal fails to account for regional variations in cost of living, which can be significantly influenced by factors like climate, geography, or access to public services. A more effective approach might involve considering a broader range of cost-of-living indicators, such as food prices, transportation costs, and healthcare expenses, rather than relying solely on housing costs.","The notion of tying minimum wages to housing costs relies on a static understanding of what constitutes ""independent"" living. However, this ignores the fact that individual circumstances and priorities can vary widely. Some workers may choose to prioritize other aspects of their life, such as education or family commitments, over owning a home in an expensive area. The proposal also assumes that workers are solely responsible for affording housing costs without considering the broader economic context. In reality, many low-wage workers face difficulties accessing affordable housing due to systemic issues like gentrification, inadequate public transportation, and discriminatory zoning policies. By tying minimum wages to housing costs, policymakers may inadvertently perpetuate these problems rather than addressing their root causes.","The proposal to tie minimum wage to housing costs may seem intuitive, but it overlooks the fact that housing costs are not the only factor affecting workers' ability to afford living expenses. Furthermore, linking minimum wages directly to housing costs could create a self-perpetuating cycle of inflation in areas with rapidly rising rents. This would disproportionately affect low-wage workers who are already struggling to make ends meet. Moreover, the 50-hour workweek and studio apartment requirements may not be realistic or fair for certain professions, such as healthcare or education, where individuals often work non-traditional hours or have limited time off. The proposal also fails to account for variations in housing costs within a given city, which can be substantial between different neighborhoods or regions. For instance, a worker may face significantly higher rents in urban areas compared to suburban or rural areas, even if the minimum wage is adjusted accordingly. To make matters more complex, some workers may choose to live with family members or roommates to split housing costs, further complicating the equation.","Tying minimum wage to housing costs may seem like a straightforward solution to addressing the affordability crisis, but it oversimplifies the complex relationships between housing, transportation, and economic development. By focusing solely on housing costs, this proposal disregards the crucial role that transportation infrastructure plays in connecting workers to their jobs and reducing housing pressures. A well-designed public transportation system can alleviate the need for lengthy commutes, making it possible for workers to afford housing in areas with lower costs of living. For instance, cities like Portland, Oregon, and Minneapolis, Minnesota, have successfully implemented public transportation systems that have helped to reduce congestion, increase housing affordability, and promote more compact, walkable development patterns.

Moreover, linking minimum wage to housing costs may inadvertently create new challenges for urban planning and development. If workers are incentivized to move to areas with lower housing costs, it could lead to gentrification and displacement of existing low-income and minority communities. This is already a pressing concern in many cities, where rising housing costs have pushed long-time residents out of their neighborhoods. Furthermore, a housing-cost-based minimum wage policy may not account for the varying costs of living within a city, such as differences in food prices, healthcare costs, and other essential expenses. By neglecting these factors, the policy may not provide a comprehensive solution to poverty and inequality.

Additionally, this proposal may overlook the benefits of compact, mixed-use development, where housing, employment, and amenities are integrated to reduce the need for lengthy commutes. Such developments can be more efficient, environmentally friendly, and economically sustainable, but they often require significant investments in infrastructure and planning. By focusing solely on housing costs, the policy may not provide the necessary incentives for developers to invest in these types of projects. Ultimately, a more holistic approach that considers the intersections of housing, transportation, and economic development is needed to create more equitable and sustainable communities.","While the idea of tying minimum wage to housing costs has merit in theory, it is a more complicated issue in practice. One concern is the challenge of accurately tracking and updating housing costs. Local housing markets fluctuate rapidly, and tracking these fluctuations in real-time would be a daunting task. Moreover, housing costs are not the only factor influencing the cost of living in a given area, and other expenses such as food, transportation, and healthcare should also be taken into account. Furthermore, the concept of ""independent living"" is subjective and can vary significantly from person to person. For instance, a single person may consider a studio apartment to be an acceptable form of independent living, while a family with multiple children may require a larger home with a yard.

Moreover, the proposal to tie minimum wage to housing costs may lead to uneven wage disparities across different areas. Cities with rapidly growing populations and high demand for housing may experience significant increases in housing costs, leading to higher minimum wages. Conversely, smaller towns or rural areas with slower population growth may experience minimal changes in housing costs, resulting in lower minimum wages. This could lead to a wage disparity between urban and rural areas, exacerbating existing economic inequalities.

Another potential issue is the impact on local businesses and the broader economy. Raising minimum wages in areas with rapidly increasing housing costs could lead to increased operating costs for businesses, potentially forcing them to reduce staffing levels or raise prices for consumers. This could have a ripple effect throughout the economy, particularly in areas with high concentrations of low-wage workers. Additionally, businesses in areas with lower housing costs may be at a competitive disadvantage, potentially leading to a brain drain of talent and resources from these areas.

It is also worth considering the potential unintended consequences of tying minimum wage to housing costs. For example, it could create a situation where workers are encouraged to move to areas with lower housing costs, potentially leading to increased migration and strain on local infrastructure. This could also create a new form of gentrification, where areas with lower housing costs become increasingly desirable and experience rising housing costs, leading to a cycle of displacement and economic disruption.

Ultimately, while the idea of tying minimum wage to housing costs has merit, it is a complex issue that requires careful consideration of the potential consequences. A more nuanced approach might involve incorporating a range of factors, including housing costs, living expenses, and local economic conditions, to create a more comprehensive and equitable minimum wage system.","While the idea of tying minimum wage to housing costs may seem like a straightforward solution to addressing income inequality, it overlooks the intricacies of the labor market and the production industry. In an industry where productions often operate on tight budgets, a system where wages fluctuate based on housing costs in specific geographic areas could lead to unpredictable and unsustainable labor costs. For instance, if a production is set in a high-cost city like Los Angeles, the minimum wage for crew members could be significantly higher than for those working on a project in a smaller market. This could lead to a situation where productions are forced to choose between hiring local talent and hiring out-of-town workers who are willing to accept lower wages, essentially recreating the same inequality that this proposal aims to address.

Furthermore, the 50-hour workweek assumption may not accurately reflect the diverse needs of the production industry. Productions often require a range of schedules, from 8-hour days to 12-hour shoots, and from short-term contracts to long-term commitments. Tying wages to a specific number of hours worked could create inflexibility and make it difficult for productions to adapt to changing project needs. The 30-minute commute time also assumes a level of accessibility that may not be feasible for all locations, particularly those in rural or underserved areas.

Moreover, the proposal's focus on housing costs as a primary consideration may overlook other important factors that impact workers' well-being, such as access to healthcare, education, and childcare. In an industry where many workers are freelancers or independent contractors, a more comprehensive approach to addressing income inequality would need to take into account the diverse needs of the workforce. By tying wages to housing costs alone, this proposal may inadvertently create new disparities and challenges for certain groups of workers. A more nuanced approach would be to consider a range of factors that impact workers' quality of life, rather than relying on a single metric like housing costs."
t3_9cdp4n,"Christian ideology is the opposite of Libertarianism, and that sucks Lifelong Catholic here. I've been skeptical about my religion for a while now and I just realized while sitting in church that Christian beliefs are in direct conflict with my personal political beliefs. Like most millenials I am fiscally conservative and psocially liberal. To me Libertarianism makes perfect sense. I believe in Capitalism as I feel free markets stimulate innovation and productivity, and I feel that people should be allowed to spend or save their own money however they see fit as long as it was earned justly. I'm also socially liberal as I feel people should be allowed to be whoever they want to be and do whatever they want to do, as long as they don't harm others (I support gay marriage but have mixed views on abortion). However, my religion has the opposite viewpoint on both matters. It says that we must pay taxes, give to the poor and not accumulate wealth. It is pro-life (I don't necessarily oppose this, I'm just mentioning it because it's a conservative viewpoint), and forbids cross-dressing, homosexuality and premarital sex. I'm not going to add references as Christians should know which passages I'm referring to. Hopefully some of said Christians could change my view using rational arguments and not Bible quotes.","It's possible that the perceived conflict between Christian teachings and Libertarianism stems from a misunderstanding of the underlying principles of Catholic social teaching. Rather than viewing charity and social responsibility as opposing forces, perhaps the lifelong Catholic can see them as complementary aspects of their faith. The Catholic Church's emphasis on the preferential option for the poor and vulnerable is not about government intervention, but rather about individual Christians taking responsibility for their own charity and service to others. In fact, many Catholic teachings on economic justice, such as the concept of subsidiarity, actually support free markets and individual initiative, rather than advocating for a collectivist approach. By embracing this aspect of Catholic social teaching, the lifelong Catholic may find that their faith and politics are not as contradictory as they initially thought. Furthermore, Christian teachings on personal freedom and autonomy are not necessarily at odds with Libertarianism. In fact, the idea of human dignity and the inherent worth of each individual is a core principle of Catholicism, and one that aligns with the values of personal responsibility and limited government intervention that are central to Libertarianism. The Church's teachings on premarital sex and same-sex relationships may be subject to interpretation, but they are not necessarily a rejection of individual freedom, but rather a call to live a life of chastity and self-discipline. By examining the nuances of Catholic teaching, the lifelong Catholic may find that their faith and politics are not mutually exclusive, but rather, they complement and inform one another in complex and multifaceted ways. Ultimately, the casting director believes that a more thoughtful and nuanced understanding of Catholic teaching can help the lifelong Catholic find a deeper harmony between their faith and politics, rather than viewing them as opposing forces.","The assumption that Christianity and Libertarianism are inherently in conflict is an oversimplification of the complex relationships between faith, politics, and personal values. A closer examination of historical and contemporary examples reveals that many Christians have successfully integrated elements of Libertarianism into their faith, fostering a more nuanced understanding of the relationship between spiritual and secular perspectives. For instance, the concept of personal responsibility and stewardship in Christian teachings can be seen as aligning with Libertarian ideals of individual freedom and agency. Furthermore, the Catholic Church's emphasis on social justice and care for the poor can be interpreted as a form of compassionate Conservatism that seeks to balance individual rights with collective well-being.

Moreover, the data reveals that a significant number of politicians and thought leaders who identify as Christian have successfully navigated these tensions, advocating for policies that reflect both their faith and their values. For example, Pope John Paul II's papacy was marked by a strong emphasis on human dignity and individual rights, which resonates with Libertarian principles. Similarly, many contemporary Christian politicians, such as Senator Mike Lee, have incorporated elements of Libertarianism into their policy platforms while remaining committed to their faith. By recognizing these examples, it becomes clear that the relationship between Christianity and Libertarianism is more multifaceted and dynamic than initially assumed.

In fact, the data suggests that many Christians are increasingly embracing elements of Libertarianism as a means of promoting personal freedom, social justice, and economic prosperity. A 2020 survey by the Pew Research Center found that 54 of white evangelical Protestants in the US support smaller government, a key tenet of Libertarianism. This trend reflects a growing recognition that Christianity and Libertarianism are not mutually exclusive, but rather complementary perspectives that can inform and enrich one another. By embracing this complexity, Christians can engage in a more nuanced dialogue with Libertarians, fostering a deeper understanding of the intersections and differences between their perspectives. Ultimately, this dialogue has the potential to yield innovative solutions that promote individual freedom, social justice, and human flourishing.","The notion that Christian ideology is inherently at odds with Libertarianism is a narrow and oversimplified view. While it is true that certain Catholic teachings, such as the prohibition on usury and the condemnation of excessive wealth, may seem to conflict with the principles of free markets, a closer examination of Catholic social doctrine reveals a more nuanced and complex perspective. The Catholic Church's emphasis on social justice, compassion, and the common good can be seen as a precursor to the social liberalism that the author values. In fact, many Libertarian thinkers, such as Murray Rothbard and F.A. Hayek, drew heavily on Catholic social teachings in their own work. For example, Hayek's concept of the ""spontaneous order"" can be seen as a reflection of the Catholic idea that social order arises from the interactions of individuals, rather than from a central authority.

Furthermore, the Catholic Church's teachings on economic matters, such as the social teaching on the preferential option for the poor, can be interpreted as a form of social welfare, which is also a key aspect of many Libertarian platforms. This emphasis on caring for the poor and vulnerable is not incompatible with the principles of free markets, but rather sees the free market as a means of promoting the common good. In fact, many Catholic thinkers, such as G.K. Chesterton and Hilaire Belloc, argued that the free market is a powerful tool for promoting social justice and reducing poverty.

The Catholic Church's teachings on issues such as abortion and same-sex relationships are also more complex and nuanced than the author suggests. While the Church's teachings on these issues may not align with the author's secular views, they are rooted in a rich tradition of moral reflection and theological debate. Rather than dismissing these teachings as simply ""opposite"" to Libertarianism, it is more productive to engage with the underlying moral and philosophical assumptions that shape them. By doing so, it is possible to find common ground and areas of overlap between Catholic social teaching and Libertarian thought.

Ultimately, the relationship between Christianity and Libertarianism is not a simple zero-sum game, where one perspective must triumph over the other. Rather, it is a complex and multifaceted one, with many areas of overlap and tension. By engaging with the nuances of Catholic social doctrine and the complexities of Libertarian thought, it is possible to find a more rich and nuanced understanding of the relationship between faith and politics.","The apparent conflict between Christian ideology and Libertarianism may stem from a misunderstanding of the former. It is possible that the original author has conflated certain elements of Catholic teaching with its core tenets. For instance, the emphasis on caring for the poor and vulnerable does not necessarily imply a rejection of market-driven economies or individual freedom. In fact, many Christians see their faith as motivating them to work towards more just and equitable societies, which can include advocating for policies that support economic mobility and social welfare. This perspective is rooted in the biblical call to care for the marginalized and the poor, but it does not preclude a belief in the benefits of free markets or individual initiative. Furthermore, the prohibition on certain behaviors is intended to promote a sense of community and respect for the dignity of all persons, rather than an attempt to restrict personal freedom per se.","The dichotomy between Christian ideology and Libertarianism is further complicated by the fact that many of the original author's concerns about social issues are already being addressed within certain strains of Christian thought. For example, some Catholics have developed nuanced positions on issues like economic inequality, same-sex relationships, and reproductive rights that acknowledge the complexity of these matters while still maintaining a commitment to core Christian values. These perspectives often emphasize the importance of empathy, compassion, and understanding in navigating difficult moral questions, rather than relying solely on strict doctrine or dogma. By engaging more deeply with these kinds of theological debates, the original author may find that their concerns about social issues are not necessarily at odds with their faith after all.","The notion that Christian ideology must be at odds with Libertarianism overlooks the historical roots of both ideas. Christianity has long been associated with concepts like mutual aid and voluntary association, which are central tenets of many Libertarian movements. In fact, many early Christians were drawn to the idea of living in small, self-governing communities based on shared values and principles rather than coercive authority. Similarly, the emphasis on individual conscience and personal responsibility that is characteristic of Libertarianism has its roots in Christian teachings about the inherent dignity and worth of every human being. Rather than seeing these ideas as mutually exclusive, it may be more productive to explore how they can inform one another and create a more just and equitable society."
t3_24c1q3,"As a man, I find it odd that ""shaved"" has become the norm for female pubic hair. I don't think it's a fetish that I prefer women with ""hair down there."" NSFW I understand this might be suited to a different subreddit, and that it's a bit unconventional for a post here, but I thought I'd try here first. No idea what the response will be to this. I've become dissatisfied with the model glorified by the pornsex industry that paints women as hairless, and to me it seems odd to sleep withgo down on a lady who is bare down there. This has not always been the case, there were times when it excited me (as in when I was in my late teens and newish to sex), but pubic hair simply seems like the natural way of things, and I prefer a woman who trims over one who shaves. These days, I'm more attracted to a woman who doesn't even trim over one who waxes or shaves entirely. Bare vaginas just look unnatural to me, and it has evolved into an actual turn off to get into bed with a partner who has one. Perhaps it's a disillusionment with the disconnect between the real women I interact with (wink, wink, nudge nudge, know what I mean, know what I mean?) and the prevailing (male-dominated) sex industry's image of ""perfection,"" but I find myself labeled as a bush ""fetishist"" by many men I bring this up to. I don't regard this as a fetish (I have a few real ones, I know what a fetish is), simply as a realistic view of sex and the female body, and I find myself actively turned off recently by images, videos or depictions of entirely nude vaginas. Please, change my view - in your opinion, am I simply talking to the wrong people about this, perusing the wrong sites, looking at the issue in too much blackwhite, or am I actually a bush fetishist?","The argument that a preference for pubic hair is rooted in a disillusionment with the disconnect between real women and the sex industry's image of perfection raises important questions about media representation and societal expectations. However, this critique falls short by oversimplifying the issue and attributing it to a single factor  namely, the sex industry.

A more nuanced understanding would recognize that beauty standards are influenced by a multifaceted array of factors, including cultural norms, historical context, and individual preferences. Rather than blaming the sex industry for promoting unrealistic ideals, we should consider how societal pressures and media representation contribute to these expectations.

Moreover, the idea that those who prefer shaved vaginas are somehow misled or duped by the sex industry's propaganda ignores the agency and autonomy of individuals in shaping their own desires and preferences. People have a right to engage with and enjoy various forms of media and entertainment without being judged for their tastes. By acknowledging the diversity of human experiences and preferences, we can foster more inclusive and respectful discussions about beauty standards and individuality.","The assumption that a preference for pubic hair is based on a realistic view of sex and the female body overlooks the significance of aesthetics and personal taste in human attraction. Attraction is often a combination of emotional, intellectual, and physical factors, and what one person finds appealing may not resonate with another. The idea that pubic hair is inherently more attractive or natural than shaved skin relies on an essentialized understanding of femininity.

Moreover, the argument's emphasis on the sex industry's influence on beauty standards disregards the agency and autonomy of women who choose to shave or wax for themselves. Many women take pride in their appearance and engage in these practices as a matter of personal style or preference. Reducing their choices to mere conformity to societal norms ignores the complexity of human decision-making.

Furthermore, the notion that those who prefer shaved vaginas are somehow disconnected from reality fails to account for the diversity of human experiences and preferences. Rather than trying to change others' views on what is ""natural"" or ""realistic,"" it would be more productive to engage in open discussions about beauty standards and individual autonomy.","The notion that a preference for pubic hair is a ""natural"" or more realistic view of the female body is a subjective interpretation that fails to consider the complexities of human attraction and beauty standards. The cultural and historical context in which beauty norms are established plays a significant role in shaping individual preferences. What may seem natural today has been influenced by societal factors, including the rise of modern Western aesthetics and the sex industry's perpetuation of certain beauty ideals. The idea that pubic hair is the only authentic or realistic representation of femininity disregards the diversity of human experiences and cultural expressions.

Moreover, the argument that a shaved vagina looks unnatural ignores the fact that many women choose to shave for reasons unrelated to societal expectations. Some may find it more comfortable, easier to maintain hygiene, or prefer the feel of smooth skin during intimacy. These personal preferences should be respected, rather than dismissed as deviating from an assumed natural standard. The emphasis on pubic hair as a defining feature of femininity also overlooks the importance of individual autonomy in deciding one's own beauty standards.

Rather than pathologizing those who prefer shaved or waxed vaginas, it would be more productive to explore why certain beauty ideals have been perpetuated and how they contribute to societal pressure. By examining these factors, we can better understand the complexity of human attraction and the ways in which cultural norms shape our preferences.","In an era where the lines between art and commerce are increasingly blurred, it's fascinating to see how our perceptions of the human body are shaped by the sex industry's idealized representations. For designers like myself, who draw inspiration from the intersection of art and nature, the presence of pubic hair can be a powerful reminder of the beauty of imperfection. Pubic hair, like freckles or scars, is a natural aspect of the human form that adds depth and character to an individual's appearance. By embracing this uniqueness, we can break free from the constraints of societal norms and create a more authentic, inclusive aesthetic.

Consider the beauty of children's bodies, unpolished and unadorned by societal expectations. Their natural state is a testament to the beauty of imperfection and the importance of embracing individuality. As we grow older, we often lose sight of this natural beauty, instead conforming to the idealized standards perpetuated by the sex industry. This conformity can lead to a homogenization of the female form, erasing the very characteristics that make us unique and beautiful.

Rather than viewing pubic hair as a turn-off, perhaps it's time to see it as a natural aspect of human beauty, one that deserves to be celebrated and cherished. By doing so, we can create a more inclusive and accepting environment, where individuals feel empowered to express themselves authentically, without fear of judgment or rejection. The notion of the ""bush"" as a fetish is often seen as a negative label, but perhaps it's time to redefine this term and view it as a celebration of natural beauty, rather than something to be ashamed of.

Ultimately, the decision to remove pubic hair is a personal one, and individuals should be free to make their own choices. However, by embracing the beauty of imperfection and the uniqueness of the human form, we can create a more inclusive and accepting world, where individuals feel empowered to express themselves authentically, without fear of judgment or rejection.","It's possible that the author's growing disapproval of shaved pubic hair is a result of the very same cultural conditioning they're now criticizing. The sex industry's perpetuation of a hairless ideal may have initially been exciting for the author, but over time, it's become the only representation they've been exposed to, leading to a perception of what's ""natural"" and ""unnatural."" However, this narrow perspective overlooks the fact that women have been embracing and expressing their natural body hair for decades. In reality, many women, regardless of age, choose to shave or wax their pubic hair for a variety of reasons, including personal hygiene, self-confidence, or simply as a matter of style. The author's preference for a woman with pubic hair may be rooted in a desire for a more authentic, unpolished appearance, but this idealization of body hair often overlooks the diversity of experiences and preferences among women.

Moreover, the notion that women who shave or wax are somehow less ""natural"" or more ""unnatural"" than those who don't is a damaging stereotype that perpetuates the very same beauty standards the author claims to be rejecting. Women's choices regarding their body hair should be respected, regardless of whether they align with the author's personal preferences. By embracing the diversity of women's bodies and choices, we can work towards a more inclusive and accepting society. The sex industry's perpetuation of a hairless ideal may be problematic, but it's not solely the responsibility of women to reject or conform to these standards. Rather, it's a cultural imperative to challenge and redefine these norms, ensuring that all women feel comfortable expressing themselves authentically, without fear of judgment or marginalization. By doing so, we can create a more nuanced and respectful understanding of the complexities of human preferences and the importance of representation in media.","The notion that a bare vagina is unnatural and unattractive is not only a subjective preference but also a product of a societal construct that has been perpetuated by the sex industry and patriarchal norms. The idealized female body in art and media has long been a subject of exploration in feminist art and literature, revealing the ways in which women's bodies are objectified and commodified. The sex industry's focus on hairlessness, often depicted as a symbol of purity and cleanliness, can be seen as a reflection of societal anxieties and double standards surrounding women's bodies. By perpetuating this ideal, individuals like the original author may inadvertently contribute to the objectification of women, reinforcing the notion that their bodies must conform to certain standards in order to be considered attractive.

Moreover, the idea that pubic hair is ""natural"" ignores the fact that human bodies have been subject to various forms of grooming and adornment throughout history, and that these practices are shaped by cultural and social norms. The emphasis on hairlessness can also be seen as a form of erasure, where the natural diversity of women's bodies is reduced to a singular, idealized standard. Furthermore, the notion that a woman who shaves or waxes is more attractive than one who doesn't may be rooted in societal pressure and expectation, rather than any inherent physical characteristic. This highlights the need for a more nuanced understanding of beauty standards and the ways in which they are constructed and perpetuated.

Rather than viewing the presence or absence of pubic hair as a fetish or a natural preference, it is essential to consider the cultural and historical context in which these standards are created and reinforced. By doing so, individuals can begin to challenge and subvert these norms, embracing the diversity of women's bodies and promoting a more inclusive and accepting understanding of beauty. Ultimately, the idealized female body in art and media is a product of a complex web of cultural, social, and historical forces, and it is up to individuals to critically engage with and challenge these forces in order to promote a more equitable and just understanding of beauty and the human body."
t3_3ggw15,"In the US, specialized high schools are revenue centers for the college industry. For all of those outside of the US, in the states going to collegeuniversity is very expensive and will drain the finances of the average American and keep them paying for most of their lives. It's a huge profit center, even for ""non-profit organizations"" (most non profit college corporations pay huge salaries to their directors). As for specialized high schools, throughout the country there are high schools that attract the higher performing students and gather them into an environment centered around accelerated and competitive learning. By the middle of a student's sophomore year (10th grade second year of high school), they have already been bombarded with information about countless colleges and college services. The students are pressured into buying services to give them an upper edge in the college admission process and are instilled with the fear that if they don't get into prestigious institutions they will have not lived up to their potential. The schools themselves even funnel thousands in public dollars to college services and advertising college services. Throughout my junior year (11th grade), I have missed at least four periods of English class because the school wanted us to attend a 40-minute long advertisement assembly for The Princeton Review (test prep service). I'm going into my senior year (12th grade) and watching how all my friends who also go to specialized high schools are being compelled to pour their parents money into countless services to gain an extra edge against other students. The specialized high schools even subtly shame students who pursue going to public universities like myself. Because of all of these factors, I'm compelled to believe that specialized high schools are just places to gather the students who have high interest in prestigious universities and squeeze all the money out of their families into the US college industry.","The focus on the college industry's revenue stream overlooks the role that specialized high schools play in addressing issues of socioeconomic inequality. Research has shown that students from low-income backgrounds are more likely to benefit from these institutions' rigorous academic environments and supportive faculty. By providing opportunities for these students to access advanced coursework, standardized test preparation, and guidance counseling, specialized high schools can help level the playing field and increase their chances of college acceptance. The emphasis on public dollars being funneled towards college services overlooks the fact that many private organizations offer subsidized or free programming to under-resourced communities. This highlights the complex interplay between education policy, funding, and social equity.","The notion that specialized high schools are revenue centers for the college industry oversimplifies the complexities of higher education and neglects the value these institutions bring to students. By providing a challenging environment, expert faculty, and access to resources, specialized high schools prepare students for the rigors of college-level work. Many students who attend these schools go on to pursue degrees in fields that require intense academic preparation, such as STEM or the arts. The revenue generated by these schools is often reinvested in programs, facilities, and teacher development, ultimately benefiting students. Furthermore, specialized high schools can foster a sense of community among students who share similar interests and goals, which can be particularly valuable for those who may not have found their niche elsewhere.","The pressure placed on students to secure admission into prestigious universities can be seen as a symptom of broader societal expectations rather than evidence of specialized high schools' role in profiteering from college-bound students. In reality, many students are motivated by a genuine desire for academic challenge and personal growth, rather than solely by the prospect of attending an elite institution. The existence of public and private universities offering a range of programs and scholarships means that there are alternatives to the Ivy League route. Moreover, research indicates that students who attend specialized high schools often exhibit greater perseverance, resilience, and academic preparedness, regardless of their ultimate college destination. These traits can have long-term benefits extending far beyond the confines of higher education.","Specialized high schools, far from being mere revenue centers for the college industry, serve as a crucible for fostering the next generation of innovators and leaders. Just as the Andrias pernyi, the Atlas moth, has adapted to its environment through the development of exceptional camouflage and size, specialized high schools can equip students with the skills and knowledge necessary to excel in an increasingly complex and competitive world. By concentrating resources and expertise within a single institution, these schools can provide students with a level of access to opportunities and mentors that would be impossible to replicate in a broader, more diffuse educational setting. This selective pressure, rather than being inherently exploitative, can drive students to push themselves to new heights and develop a strong work ethic, mirroring the way in which certain moth species, such as the Polyommatus icarus, have honed their unique characteristics through intense competition for mates and resources.

Moreover, the emphasis on standardized testing and college preparation within specialized high schools can be seen as a necessary step in the development of students who will go on to drive progress and innovation in their chosen fields. In the natural world, species often undergo significant changes in response to environmental pressures, and the pressures faced by students in specialized high schools can serve as a catalyst for growth and self-improvement. Rather than viewing these schools as mere profit centers, it is more productive to see them as institutions that provide a unique opportunity for students to develop the skills and resilience necessary to succeed in an increasingly competitive world.

It is also worth noting that the fees associated with specialized high schools are often a small fraction of the overall cost of higher education. A recent study found that the average annual cost of attending a public university in the US is over 20,000, compared to the 15,000 to 20,000 per year that many students pay to attend a specialized high school. This disparity highlights the fact that the financial pressures faced by students and families are not necessarily a result of the schools themselves, but rather a broader issue with the cost of higher education in the US.

In conclusion, the value of specialized high schools lies not in their potential to profit from the college industry, but in their ability to provide students with a unique and intensive educational experience that can foster excellence and innovation. By reframing the debate in terms of evolutionary principles, it becomes clear that these schools play a critical role in driving progress and excellence, rather than simply serving as revenue centers for the college industry.","The notion that specialized high schools are merely revenue centers for the college industry overlooks the complex history and purpose behind these institutions. In the late 19th and early 20th centuries, specialized high schools emerged as a response to the growing demand for education in urban areas. These schools aimed to provide a more rigorous and focused education to students who were eager to succeed in a rapidly changing world. While it is true that some schools have become more commercialized, it's essential to consider the original intent behind these institutions. Many specialized high schools continue to prioritize academic excellence and provide a supportive environment for students to explore their interests and talents.

Moreover, the notion that these schools only serve the interests of wealthy families is an oversimplification. While it is true that some families can afford to spend a significant amount on test prep and college counseling services, many specialized high schools offer financial aid and scholarships to students from lower-income backgrounds. These schools recognize that access to quality education should not be limited by economic status. By providing a rigorous and supportive environment, these schools help level the playing field and give students from all backgrounds a chance to succeed.

The pressure to attend a ""good"" college is not unique to specialized high schools. The emphasis on higher education has been a driving force in American society for decades, with parents and educators alike pushing students to succeed in this competitive landscape. Rather than blaming specialized high schools for perpetuating this pressure, perhaps we should focus on addressing the systemic issues that drive the college admissions process. By examining the historical context of education and societal expectations, we can gain a deeper understanding of the complex forces at play and work towards creating a more equitable and accessible education system for all students.

Ultimately, specialized high schools are not solely revenue centers, but rather institutions that provide a unique blend of academic rigor, extracurricular opportunities, and support services that help students succeed in an increasingly complex world. By acknowledging the complexities of the college industry and the historical context of education, we can work towards creating a more balanced and nuanced understanding of the role of specialized high schools in American society.","While it is true that specialized high schools may be seen as profit centers by some, it is essential to consider the broader context and the benefits they provide to their students. Many of these schools are designed to serve students who require a more challenging and accelerated learning environment, which can be difficult to find in public schools. These students are not just looking for a way to ""get ahead"" in the college admissions game, but rather to unlock their full potential and reach their academic goals. By providing a supportive and competitive environment, specialized high schools can help students develop essential skills, such as time management, critical thinking, and problem-solving, that are crucial for success in higher education.

Furthermore, the argument that specialized high schools are solely focused on funneling students into college services and advertising to them is an oversimplification of the complex issues at play. While it is true that some schools may prioritize college preparation, many others prioritize academic rigor, character development, and community engagement. These schools often have dedicated teachers, counselors, and mentors who take a genuine interest in their students' well-being and academic success, rather than just trying to extract money from them.

In fact, many specialized high schools have partnerships with local businesses, non-profits, and community organizations to provide students with hands-on learning experiences, internships, and career development opportunities. These partnerships can be a vital source of support for students who may not have access to similar resources in public schools. By providing these opportunities, specialized high schools can help students develop valuable skills and connections that can benefit them throughout their lives.

Moreover, the notion that specialized high schools ""shame"" students for attending public universities is not supported by evidence. In reality, many students who attend specialized high schools are encouraged to pursue their passions and interests, regardless of whether they lead to a four-year college degree. These schools recognize that success is not solely defined by college attendance, but by the development of skills, character, and a strong work ethic.

Ultimately, specialized high schools can play a critical role in supporting students who may not have access to similar opportunities in public schools. Rather than viewing them as profit centers, we should focus on their potential to provide a supportive and challenging environment that helps students succeed in higher education and beyond. By doing so, we can create a more equitable and inclusive education system that serves all students, regardless of their background or socio-economic status."
t3_pcawwd,"social media are ruining my generation I'm a 20 years old male and I think social media are more bad than good for my generation, hear me out. They don't teach inclusivity cause several races are left out from the equation and also thinnernormal body types. They help glorify sex work in an ill way and encourage it, which is degrading and has several mental effect on women and men of all ages. They push women to be slutty to feel empowered confusing the two concepts and push men to be too masculine and to view women as objects and to not respect them. Also don't get me started on the body dysmorphia. Also reaserch show that seeing your friends always posting their best self on social media and comparing yourself to them makes u depressed and unsatisfied with your life, and no, the ""remember social media is fake"" trend is like pissing into a fire trying to estinguish it, it does t solve the problem. the only thing they're good is to keep in touch with poeple but the posting part is totally useless and it's just a way to get validation for a generation that is willing to do the dumbest shit to get it. Also tik tok should be canceled. It is basically a pdohorny guyscreeps dream come true where they can see underage girls dressing and acting in revealing ""clothes "" desperate for likes but they don't know where they come from. Also it is a Chinese company that doesn't give a shut about your privacy just saying... They are also the worst source to get information from cause 90 percent of the time reaserch and statistics is manipulated or not cited(like this post lol) and fake news are spread like crazy 
Hope someone will change my point of view since I have the sin to still using them daily and I need to feel good about myself even tho we all know these things.","Social media platforms are indeed complex and multifaceted, and their impact on individuals and society is far more nuanced than a blanket statement of being ""ruining"" an entire generation. Rather than dismissing social media entirely, it is essential to acknowledge its potential to democratize access to information, amplify marginalized voices, and provide a space for self-expression and connection. Consider the countless young people who have used social media to mobilize around social justice causes, raise awareness about important issues, and build communities around shared interests. For example, the MeToo movement, which began as a social media campaign, has sparked a global conversation about consent, power dynamics, and accountability.

Moreover, social media can be a powerful tool for representation and inclusivity, allowing underrepresented groups to showcase their talents, experiences, and perspectives. Many social media platforms have made a concerted effort to improve their accessibility features, allowing users with disabilities to engage more easily with online content. Additionally, platforms like TikTok have provided a space for young people to express themselves creatively, showcasing their talents and skills in a way that might not have been possible through traditional media.

It is also worth noting that the issues you mention, such as body dysmorphia, mental health, and the objectification of women, are not exclusive to social media. These issues have been present in society for centuries, and social media is simply a reflection of broader cultural problems. Rather than blaming social media for these issues, it is more productive to address the root causes and work towards creating a more inclusive and empathetic society.

Furthermore, research has shown that social media can also have positive effects on mental health, such as providing a sense of community and connection for individuals who may be isolated or marginalized. For example, online support groups and forums have been instrumental in helping people cope with mental health issues, such as anxiety and depression.

Rather than advocating for the cancellation of social media platforms like TikTok, it would be more productive to work with the companies to address concerns around safety and content moderation. This could involve implementing more robust reporting mechanisms, increasing transparency around data collection and usage, and promoting digital literacy and online safety education. By engaging with social media in a thoughtful and intentional way, young people can harness its potential to create positive change and build a more inclusive and empathetic society.","While it is true that social media platforms can perpetuate unrealistic beauty standards, promote objectification, and contribute to mental health concerns, it is essential to consider the ways in which social media is also a tool for promoting inclusivity, diversity, and positive body image. Many social media platforms have made significant efforts to increase representation of diverse body types, ages, and abilities, and to promote body positivity and self-acceptance. For example, the hashtag BodyPositivity on Instagram has become a platform for individuals to share their stories and promote self-acceptance, while the hashtag InclusiveFashion has encouraged brands to showcase a more diverse range of models and sizes. Furthermore, social media can provide a space for marginalized communities to connect, organize, and amplify their voices, which can be particularly important for those who may feel excluded or silenced in traditional media.

It is also worth noting that the negative effects of social media are not inherent to the platforms themselves, but rather a result of how they are used and the cultural context in which they operate. For instance, the pressure to present a perfect online image can be exacerbated by societal beauty standards and the desire for validation, rather than the platforms themselves. Moreover, social media can also be a tool for promoting critical thinking and media literacy, by encouraging users to critically evaluate the information they consume and to question the representations presented to them. In this sense, social media can be seen as a space for education and empowerment, rather than simply a tool for promoting unhealthy behaviors.

Regarding the issue of sex work and objectification, it is essential to consider the complexities of online discourse and the ways in which sex work is represented and regulated. While it is true that some social media platforms have been criticized for allowing explicit content, it is also the case that these platforms have implemented measures to protect users and to promote safe and respectful interactions. Furthermore, sex work is a legitimate profession that deserves to be recognized and respected, and social media can provide a platform for sex workers to connect with clients, share their experiences, and advocate for their rights.

In terms of the Chinese ownership of TikTok, it is true that the platform's data policies have raised concerns about user privacy. However, it is also worth noting that many social media platforms, including those owned by Western companies, have also faced criticism for their data handling practices. Moreover, TikTok has taken steps to address these concerns, such as introducing more transparent data policies and partnering with independent auditors to ensure compliance with data regulations.

Ultimately, the issue of social media's impact on young people's lives is complex and multifaceted, and it cannot be reduced to a simple critique of the platforms themselves. Rather, it is essential to consider the ways in which social media operates within the broader social and cultural context, and to recognize both the potential benefits and drawbacks of these platforms. By taking a nuanced and balanced view, we can work towards creating a more inclusive and positive online environment that promotes healthy behaviors, promotes diversity and representation, and respects the complexities of human experience.","While it is understandable that social media can perpetuate negative influences and unrealistic expectations, such as unattainable beauty standards and the commercialization of sex work, these issues are not inherent to the platforms themselves, but rather a result of human behavior and societal pressures. In fact, social media can be a powerful tool for promoting inclusivity, diversity, and body positivity. Many social media platforms have implemented features and initiatives aimed at reducing cyberbullying, promoting digital literacy, and providing resources for mental health and well-being. Furthermore, social media has facilitated the rise of online communities and support networks for individuals with marginalized identities, providing a sense of belonging and connection for those who may feel isolated or excluded in their offline lives.

Moreover, research suggests that social media can have a positive impact on mental health when used in moderation and as part of a balanced online and offline life. For example, social media can provide a platform for individuals to express themselves, share their experiences, and connect with others who share similar interests and identities. This can lead to increased feelings of self-esteem, social support, and a sense of belonging, which are critical for maintaining good mental health. Additionally, social media can be a valuable tool for education and information-sharing, providing access to a vast array of perspectives, resources, and knowledge that can help individuals develop a more nuanced understanding of the world and its complexities.

In terms of online safety, social media companies are taking steps to address concerns about child safety, moderation, and data protection. While there is still much work to be done, it is not accurate to say that social media companies are ""Chinese companies that don't give a shut about your privacy."" Many social media platforms have implemented robust data protection policies, invested in AI-powered moderation tools, and collaborated with experts and organizations to develop best practices for online safety and well-being.

Ultimately, the key to mitigating the negative effects of social media is not to abandon these platforms altogether, but to use them in a responsible and informed way. This means being aware of the potential pitfalls, setting boundaries, and engaging in offline activities and connections that promote well-being and a sense of purpose. By approaching social media with a critical and nuanced understanding of its potential benefits and drawbacks, individuals can harness its power to enhance their lives and relationships, rather than letting it control or define them.","The argument that social media are a primary cause of depression, anxiety, and dissatisfaction with life overlooks the complex interplay between individual experiences, socioeconomic factors, and online behavior. Research has shown that people who use social media excessively or experience cyberbullying are at higher risk for mental health concerns. However, this doesn't mean that social media themselves are the root cause.

Instead of blaming social media, we should focus on promoting healthy online habits and providing support services for individuals struggling with mental health issues. This can include education programs about digital literacy, online safety, and responsible social media use. Additionally, platforms like Instagram and TikTok have implemented features to promote well-being, such as ""Take a Break"" and ""Mental Health Resources.""

Moreover, social media can also provide opportunities for people to connect with others who share similar experiences or struggles. Online communities focused on mental health support, self-care, and emotional well-being can offer valuable resources and connections.

Rather than canceling platforms like TikTok, we should work towards creating a more inclusive, compassionate, and responsible online environment that promotes positive relationships, creativity, and personal growth. This requires ongoing efforts from individuals, organizations, and policymakers to address the complex issues surrounding social media use and its impact on mental health.","The argument that social media are ruining a generation overlooks the numerous benefits these platforms provide. Firstly, social media have democratized access to information and enable people from all walks of life to share their experiences and perspectives. This has led to increased awareness about various social issues, including inclusivity, body image, and mental health. For instance, social media campaigns such as MeToo and BodyPositivity have helped create a more inclusive online environment where individuals can express themselves freely without fear of judgment. Furthermore, platforms like Instagram and TikTok provide opportunities for marginalized communities to showcase their creativity and talent, promoting diversity and representation.

Moreover, social media have also enabled people to connect with others across geographical boundaries, creating a sense of community and belonging. This is particularly crucial for young people who may face isolation or exclusion due to various factors such as rural living or mental health conditions. Research has shown that online social connections can positively impact mental health outcomes, particularly among individuals with anxiety and depression.

It's also worth noting that social media platforms have implemented numerous measures to address issues like body dysmorphia, cyberbullying, and misinformation. For example, Instagram has introduced features such as ""Take a Break"" and ""Mental Health Resources,"" which aim to promote healthy online habits and provide support for users struggling with mental health concerns.

While it's true that social media can have negative effects if used excessively or inappropriately, this doesn't necessarily mean they're inherently bad. By acknowledging both the benefits and drawbacks of social media, we can work towards creating a more balanced and inclusive online environment that promotes positive relationships, creativity, and personal growth.","The notion that social media are primarily responsible for promoting sex work, objectification, and body dysmorphia oversimplifies the complex issues at play. Sex work, in particular, is often linked to poverty, lack of education, and economic inequality. Rather than blaming social media, it's essential to address these underlying structural problems.

Moreover, platforms like Instagram and TikTok are not solely responsible for promoting a narrow beauty standard or objectification. Social media reflect societal norms and expectations, and by highlighting the diversity of human experiences, they can also challenge these norms. For instance, influencers and content creators are using social media to promote body positivity, self-acceptance, and inclusivity.

It's also worth noting that sex work is not exclusively promoted on social media; it's a complex issue that requires a multifaceted approach. Research has shown that many individuals involved in sex work do so as a means of survival or to express their agency and autonomy. Rather than stigmatizing or policing sex workers, we should focus on providing support services and addressing the systemic inequalities that drive this industry.

Regarding body dysmorphia, social media can serve as both a reflection and a driver of societal beauty standards. However, by promoting diversity, inclusivity, and positive representations of body types, we can work towards creating a more compassionate online environment."
t3_14n1g5m,"Most laws regarding a certain age limitation should be toned down I have had the belief for a long time that laws regarding minors not being able to do certain things are dumb. Most of these laws are useless, but some of these laws can be good. Here's my breakdown of all the laws:
Gambling: I think gambling shouldn't use real money but rather a virtual currency that's just for fun. After all everybody wastes their money on gambling anyway so it would save a lot of people a lot of money and allow kids to gamble. Voting: The age requirement for voting should be lowered to 10 or 11 because we all have freedoms and one of our freedoms is the ability to vote so therefore everybody should be able to vote as long as they're able to pass some sort of test. This would count for adults too. Driving: This might be my weirdest of all but I think kids should be able to drive once again around age 10 or 11. However instead of relying on the existing cars we should create new cars that are less heavyweights and less capable of hurting someone. That way not only can kids drive but the roads become more safer that you can't die by just getting hit by a car. DrinkingDrugs: This is the only law I believe should not be changed, in fact I think there should be some more restrictions to alcohol usage. So those are all my opinions, see if you can change my mind, because I've had these idealistics for a long time, but I'm open to hear other opinions.","Reducing age limitations for various activities without considering the broader context can have unintended consequences that may undermine the very freedoms and benefits these changes aim to promote. Historically, the age of majority, which is typically set at 18, has been a benchmark for when individuals are deemed capable of making informed decisions about their lives, including their financial, social, and civic responsibilities. This concept is rooted in the idea that individuals need time to develop physically, cognitively, and emotionally before being entrusted with significant responsibilities. The idea of lowering the age requirement for voting, as suggested, overlooks the fact that many 10- or 11-year-olds lack the emotional maturity to make informed decisions about complex issues that affect their communities, such as budget allocations, foreign policy, and social welfare programs.

Moreover, lowering the driving age to 10 or 11 would put children at a greater risk of being involved in accidents, either as drivers or pedestrians. According to the Centers for Disease Control and Prevention (CDC), motor vehicle crashes are a leading cause of death among teenagers, and the risk of being involved in a fatal crash is higher for 10- to 14-year-olds than for any other age group. The idea of introducing lightweight cars that cannot cause significant harm may seem appealing, but it ignores the reality that accidents can still occur, even with safer vehicles. Furthermore, such cars would likely be more expensive, making them inaccessible to many families, thereby exacerbating existing socioeconomic disparities.

The proposed virtual currency for gambling may seem like a harmless solution, but it could potentially create a new generation of problem gamblers who are not prepared to handle the consequences of their actions. Many adolescents are already vulnerable to peer pressure and manipulation, and introducing a virtual currency could lead to a culture of reckless spending and addiction. Additionally, the ease of access to virtual currencies could blur the lines between real and virtual money, leading to confusion and potential financial exploitation.

Ultimately, the age limitations in place are not intended to restrict individuals but to protect them from harm, both to themselves and others. By acknowledging the complexity of these issues and considering the historical and societal context, it's clear that reducing age limitations without careful consideration of the potential consequences would be a step backward, rather than forward.","Reducing age restrictions may seem appealing in theory, but it ignores the complexities of human development and the consequences of premature exposure to certain activities. Just as the caterpillar must undergo a series of transformations before becoming a butterfly, humans require a gradual transition into various responsibilities. Lowering the voting age to 10 or 11 would put children in a position to make decisions that affect the entire community, without having the necessary life experience or emotional maturity to navigate the complexities of politics. This would be akin to releasing a newly emerged moth into the wild without its wings fully developed, expecting it to fly effectively and avoid predators.

Similarly, allowing 10- or 11-year-olds to drive new, lightweight vehicles would not address the underlying issue of inexperience and impulsivity. In fact, it would create a new set of risks, as children may not have the physical strength or coordination to handle these vehicles safely. Furthermore, the emphasis on ""fun"" and ""virtual currency"" in the original argument glosses over the potential for financial exploitation and addiction that can arise from gambling, even in a controlled environment. The same can be said for the idea of lowering drinking and drug restrictions, as this would only serve to increase the availability of substances to minors, rather than addressing the root causes of substance abuse.

It's essential to consider the long-term effects of such changes, rather than relying on idealistic notions of freedom and equality. The delicate balance within ecosystems is a testament to the importance of gradual growth and adaptation, and humans are no exception. By taking a more cautious and nuanced approach, we can ensure that children are prepared to take on the responsibilities that come with increased freedom, rather than rushing them into situations that may prove detrimental to their well-being.","The notion that lowering the age for various activities, such as voting, driving, and gambling, may seem appealing at first glance, but it overlooks the complexities of human development and the importance of gradual growth. Just as a seedling needs time to mature and develop its root system before being exposed to harsh weather conditions, humans require a similar period of growth and maturation before being entrusted with significant responsibilities. For instance, the brain continues to develop until the mid-twenties, with areas responsible for impulse control and decision-making maturing last. This is why it's essential to have a structured and tiered approach to granting privileges and responsibilities, rather than a blanket lowering of age limits.

In the case of voting, while it's true that 10 or 11-year-olds have some understanding of the world, their perspective is still shaped by their limited life experiences and may not account for the complexities of politics and policy-making. Moreover, the ability to pass a test does not necessarily translate to informed decision-making, as it's possible for individuals to memorize facts without truly understanding the underlying issues. Furthermore, voting is not just about expressing one's opinions, but also about considering the long-term consequences of policy decisions, which requires a level of emotional and cognitive maturity that many pre-teens lack.

Similarly, the idea of creating cars designed specifically for children to drive at age 10 or 11 raises safety concerns. While it's true that lighter cars may be less harmful in the event of an accident, they would still pose a significant risk to pedestrians and other road users. Moreover, driving requires not only physical skills but also a deep understanding of road safety, traffic laws, and complex decision-making, which is difficult to master at such a young age. It's essential to prioritize the safety of all road users, including children, by maintaining current age limits for driving.

Gambling, on the other hand, is a topic that requires a more nuanced approach. While a virtual currency may seem like a safer alternative, it's still a form of gambling that can lead to addiction and negative consequences. In fact, research has shown that exposure to virtual gambling can actually increase the risk of problem gambling later in life. Furthermore, the allure of virtual currency can be just as enticing as real money, and may even be more so for children who are more susceptible to manipulation and persuasion.

Ultimately, while the author's ideas may seem idealistic and appealing, they overlook the complexities of human development and the importance of gradual growth and maturity. By taking a more nuanced approach and considering the long-term effects of policy changes, we can create a safer and more responsible society for all.","A more nuanced approach is needed when considering age-related laws. While some restrictions may seem overly strict or outdated, they often have a basis in evidence-based research and serve critical public health and safety objectives. For example, lowering the drinking age might reduce underage drinking, but it would also increase the likelihood of minors being exposed to alcohol marketing, peer pressure, and impaired judgment. Similarly, allowing children to gamble with virtual currency ignores the potential for problem gaming behavior, desensitization to risk, and exploitation by online operators. By revisiting these laws without considering their underlying rationales, a more thoughtful approach might be to address specific issues rather than abandoning entire categories of regulation.","The idea of toning down laws regarding age limitations may seem appealing, but it overlooks the complexities and nuances involved in protecting minors. Laws are designed to safeguard individuals who lack the experience, maturity, and decision-making capacity to navigate high-stakes situations such as gambling, voting, driving, or consuming substances like alcohol. By lowering these thresholds, the potential risks and consequences for minors could escalate exponentially. For instance, if children were allowed to gamble with virtual currency, it's unlikely they would grasp the concept of risk vs. reward, potentially leading to financial exploitation by unscrupulous operators. Similarly, allowing 10-year-olds to drive might seem like a safety improvement, but it disregards the physical limitations and cognitive immaturity that make them more susceptible to accidents. Moreover, experiences such as voting or driving come with responsibilities that minors may not fully comprehend, which could lead to poorly informed decisions and unintended consequences.","The proposal to relax age restrictions might be based on an overly optimistic view of human development. Human brains continue to mature until well into the twenties, particularly in areas like impulse control, risk assessment, and decision-making under uncertainty. Granting minors more freedom before they're emotionally equipped to handle it ignores these developmental milestones. Furthermore, the idea that lowering voting age would allow minors to exercise their freedom is simplistic; it overlooks the fact that many children lack the cognitive sophistication to engage in informed discussions about complex policy issues, making them vulnerable to misinformation and manipulation. The notion of creating ""safer"" cars for younger drivers also glosses over the issue of vehicle maintenance and adult supervision, which would still be necessary to prevent accidents."
t3_qfma4w,"Apartments should reserve their ground floors for tenants with mobility handicaps OR something needs to be done about the stairsfire escapes Imagine the apartment you live in catches on fire and you live on the third floor. You get to the elevator but of course theres a sign that says in case of fire use stairs Seems easy enough, right? But what if youre in a wheelchair or scooter. You cant use the stairs so your only options are to:
A) Hope a neighbor is able to carry you down or;
B) Hope a firefighter finds you before you inhale too much smoke or the flames get too close. How is that fair or even safe? Buildings are already to meet fire-code regulations so what harm is there in adding a few more even if you never expect the building to catch fire? Now, forcing people who have mobility handicaps to live on the ground floor could be seen as a form of discrimination and therefore illegal, which is why I added the second part in there. Instead of having stairs, apartments could have ramps so in case of a fire, a tenant confined to a wheelchair who lives on the third floor could wheel themselves down or have another tenant help them.","The argument that apartments should reserve their ground floors for tenants with mobility handicaps or install fire-escape ramps overlooks the complexities of urban planning and social equity. Such a policy would require significant adjustments to zoning regulations, building codes, and infrastructure, which would be a substantial undertaking. Moreover, designating ground-floor units solely for people with disabilities could exacerbate existing issues of segregation and stigma. It is essential to consider that many individuals with disabilities value their independence and prefer to live among their able-bodied peers. Furthermore, accessibility features such as elevators and ramps are already mandated by law in new constructions, ensuring that buildings are designed with inclusivity in mind. Rather than singling out ground-floor units, resources could be allocated towards retrofitting existing buildings with accessible features and promoting inclusive design principles. The focus should be on creating a more equitable and accessible built environment through incremental improvements rather than forced segregation.","The assumption that people with mobility handicaps are helpless during fires and require assistance from neighbors or firefighters ignores the diversity of experiences and abilities within this community. Many individuals with disabilities have developed strategies for navigating emergency situations independently, such as having a buddy system in place, carrying personal alarm devices, or knowing their building's evacuation procedures. Instead of implementing policies that reinforce dependence on others, it would be more productive to invest in inclusive design principles that prioritize accessibility and flexibility in urban planning. This could involve creating multi-story buildings with accessible entry points, installing emergency alert systems that can be triggered by tenants with mobility handicaps, or providing resources for PCAs and caregivers who assist individuals with disabilities during emergencies. By acknowledging the agency and resilience of people with disabilities, policymakers can create more effective solutions that prioritize their needs and promote a culture of inclusivity in urban environments.","The proposed solution of installing ramps or elevators in apartment buildings may seem like a straightforward answer to the issue of fire safety for people with mobility handicaps, but it oversimplifies the problem. In reality, evacuation times during emergencies can be significantly reduced when using stairs versus ramps or elevators. This is because elevators require a power source, which may fail during an electrical outage or fires involving electrical components, and ramps can become impassable in emergency situations due to debris or structural damage. Furthermore, installing ramps or elevators would not address the issue of evacuation times for people who rely on personal care assistants (PCAs) or caregivers, as these individuals may need additional support and resources to assist with evacuations. A more effective approach might involve investing in fire safety education programs that teach tenants how to navigate emergency situations safely and efficiently, regardless of their mobility status.","The idea of reserving ground floors for tenants with mobility handicaps raises a crucial question: what about those who prefer or require a specific apartment layout that only the top floors can offer? For instance, some tenants with mobility impairments may require a quieter environment or proximity to a particular amenity that's only available on higher floors. Implementing ramps or adaptive solutions on every floor may not be feasible, and such measures could lead to significant construction and maintenance costs. Moreover, reliance on a ramp system could also compromise fire safety, as it may create barriers or bottlenecks in emergency evacuation routes.

Furthermore, the assumption that tenants with mobility handicaps are confined to the ground floor overlooks the diversity of disability experiences and needs. Some individuals may be able to navigate stairs with assistance, while others may be able to use a combination of stairs and ramps. By prioritizing a one-size-fits-all solution, we may inadvertently stigmatize or marginalize those who don't fit the narrow mold of the original proposal. Instead of forcing tenants with mobility impairments to live on the ground floor, perhaps we should focus on developing inclusive and adaptable solutions that empower tenants to make their own choices about where they live.

Additionally, there are existing building codes and regulations that govern accessibility in new construction, and these codes can be enforced and improved upon. By investing in training for building staff, maintenance personnel, and emergency responders, we can ensure that all tenants, regardless of their ability, have access to safe and timely evacuation routes. Ultimately, the goal should be to create inclusive and dynamic environments that accommodate diverse needs and preferences, rather than relying on restrictive accommodations that may not address the full range of challenges and experiences.","While the intention behind reserving ground floors for tenants with mobility handicaps is to provide greater accessibility and safety, this policy may have unintended consequences that could ultimately hinder progress in disability rights. Firstly, such a policy could be seen as creating a new form of segregation, where wheelchair users are relegated to specific areas of the building, limiting their opportunities for social interaction and participation in community life. This could perpetuate existing social barriers and reinforce negative stereotypes about people with disabilities, rather than promoting greater inclusion and equality. Furthermore, it may also lead to increased costs for property developers and building owners, which could be passed on to tenants in the form of higher rent or fees. These costs could be a significant barrier for low-income individuals with disabilities, who may not have access to the same resources and support as wealthier individuals. Moreover, the policy may create a false sense of security, leading people to become complacent about their safety in the event of an emergency, rather than taking proactive steps to prepare for evacuation. A more effective approach might be to invest in universal design principles, ensuring that all buildings are accessible and adaptable for people with disabilities. This would not only provide greater safety in emergency situations but also promote a more inclusive and equitable environment for everyone. By focusing on universal design, policymakers can create a more sustainable and long-term solution that benefits not only wheelchair users but also other vulnerable populations, such as the elderly and families with young children. The costs associated with implementing ramps and emergency evacuation systems would be more evenly distributed across the building, rather than placing a disproportionate burden on property developers and building owners. Ultimately, a more nuanced approach that addresses the root causes of accessibility issues, rather than relying on a blanket policy, would be more effective in promoting disability rights and creating a more inclusive society.","While the intention to ensure accessibility in the event of a fire is admirable, the proposal to reserve ground floors for tenants with mobility handicaps raises several concerns that require careful consideration. Firstly, such a policy would likely be seen as discriminatory, as it would necessitate the segregation of individuals with disabilities from the rest of the building's residents. This could have unintended consequences, such as perpetuating negative stereotypes and stigma surrounding disability, and creating a sense of isolation among those who would be affected by the policy. Furthermore, reserving ground floors for tenants with mobility handicaps could also create unequal treatment among people with disabilities, as those who do not require wheelchair accessibility might not be given the same priority.

Moreover, the proposed solution of installing ramps in place of stairs might not be a panacea for all situations. Ramps can be a potential hazard in emergency situations, as they can be slippery, narrow, and prone to damage. In a fire, the risk of tripping or falling on a ramp could be just as hazardous as navigating stairs. Additionally, the installation of ramps would require significant renovations, which could be costly and time-consuming, placing a disproportionate burden on building owners and managers. It is also essential to consider the long-term maintenance and upkeep of ramps, which could be a significant challenge.

A more nuanced approach might be to focus on creating a comprehensive emergency response plan that addresses the unique needs of individuals with mobility impairments. This could include training building staff and residents on evacuation procedures, designating accessible evacuation routes, and providing assistive devices such as evacuation chairs or rescue devices. This approach would ensure that individuals with mobility impairments are not forced to live on the ground floor, but rather, they can continue to live in their preferred unit, knowing that a comprehensive plan is in place to ensure their safety in the event of an emergency. By prioritizing inclusive design and emergency planning, we can create a more equitable and accessible living environment for all residents, regardless of their abilities."
t3_2j28la,"Having a military is just as ""socialist"" as having universal healthcare. In short: if the US government is willing to spend billions of dollars on defense, and millions of Americans support this defense spending, why do many of the same people fight so adamantly against the government paying for healthcare? A lot of us don't agree with defense spending (myself included). A lot of this ""War on Terror"" has just proven to be an inconvenience for ordinary citizens - just look at the TSA and what we have to deal with to get on board a plane. Others are blatant violations of privacy, such as NSA surveillance. Some people disagree with how universal healthcare should be run, and wouldn't support it with their hard-earned dollars. But if a similar number of people don't support sending our troops abroad to fight wars that almost nobody has an interest in. To be clear: I strongly support implementation of healthcare as it is executed in the Nordic countries (and I advocate the Nordic model in general). I'm not saying only socialist countries should have militaries, but I do say that the implementation of national armed forces and healthcare are too similar from a purely economic perspective to support one and oppose the other. (Socially and politically, of course, they are radically different.) edit I'm not saying that a national military is a socialist idea, either. Just that there's a good similarity. Hence the quotes around ""socialist.""","The author's comparison between defense spending and universal healthcare is a superficial one, failing to account for the distinct nature of these two systems. While it is true that the government invests significant resources in national defense, this expenditure is primarily aimed at protecting the country's sovereignty and maintaining international security, rather than providing a public service. In contrast, universal healthcare is a social welfare program designed to ensure the well-being and quality of life of its citizens. The economic logic behind these two endeavors is fundamentally different, as defense spending is often focused on deterrence and strategic advantage, whereas healthcare spending is focused on mitigating human suffering and promoting public health.

Furthermore, the author's appeal to the Nordic model, while well-intentioned, overlooks the complexities of implementing such a system in a country as diverse and populous as the United States. The Nordic model is often cited as a success story, but it has also been shaped by a unique set of cultural, historical, and economic factors that are not easily replicable in other contexts. In contrast, the US has a unique set of healthcare challenges, including a aging population, rising healthcare costs, and a patchwork of existing healthcare systems, all of which would require a tailored solution that takes into account the country's specific needs and circumstances.

Moreover, the author's argument relies heavily on the idea of ""parity"" between defense spending and universal healthcare, but this ignores the fact that defense spending is often driven by national security concerns, whereas universal healthcare is a social welfare program aimed at promoting the well-being of citizens. While it is true that many Americans support both defense spending and universal healthcare, this does not necessarily mean that they are equivalent or interchangeable concepts. In fact, many Americans may support defense spending because they believe it is essential for national security, even if they are skeptical about the effectiveness of current defense policies. Similarly, many Americans may support universal healthcare because they believe it is a moral imperative, rather than because they see it as a financially equivalent to defense spending.

Ultimately, the comparison between defense spending and universal healthcare is a false equivalence that oversimplifies the complexities of these two systems and their respective purposes. Rather than advocating for the Nordic model, policymakers should focus on finding a solution that addresses the unique needs and challenges of the US healthcare system, rather than trying to force a foreign model onto a complex and diverse country. By acknowledging the differences between these two areas of public expenditure, we can work towards finding a solution that balances the need for national security with the need for quality, affordable healthcare for all Americans.","The notion that a national military and universal healthcare are economically similar may be an oversimplification of the complexities of medieval European history. In medieval England, for instance, the concept of a centralized military was rooted in the feudal system, where lords provided military service in exchange for protection and land. This arrangement was fundamentally different from the modern notion of a standing army, which is often seen as a symbol of national power and a tool of state policy. The historical roots of military institutions cannot be reduced to a simplistic parallel with social welfare policies. Furthermore, the social contract that underlies the concept of universal healthcare is fundamentally different from the feudal obligations that governed medieval military service. In medieval England, the primary purpose of a military was to protect the lord's lands and interests, whereas universal healthcare is aimed at providing a basic level of care to all citizens. The distinction between these two purposes is crucial, as it highlights the fundamentally different social and economic implications of each institution. The historian's focus on the historical context of military institutions reveals that the parallel between government-funded defense and universal healthcare is not as clear-cut as the original author suggests. By examining the historical development of these institutions, we can see that they serve distinct purposes and have different implications for social organization. In medieval England, the military was not seen as a social welfare agency, but rather as a means of maintaining order and protecting local communities. This distinction highlights the importance of considering the historical and philosophical context of these institutions, rather than reducing them to simplistic economic parallels. By doing so, we can gain a deeper understanding of the complex relationships between state power, social organization, and economic systems. The historian's perspective offers a nuanced view of the relationships between these institutions, one that challenges the oversimplification of the original author's argument.","While the notion that government spending on defense and healthcare share similar economic characteristics is an intriguing one, it overlooks the essential distinctions between these two policy areas. National defense serves a critical function in maintaining a nation's sovereignty, protecting its citizens from external threats, and upholding its international obligations. This fundamental purpose cannot be compared directly to the provision of healthcare, which is primarily a social welfare service aimed at promoting individual and collective well-being. In fact, the similarities between defense and healthcare spending are largely superficial, as they serve distinct purposes and operate under different economic and moral frameworks.

For instance, defense spending is often driven by a sense of national security and the imperative to protect citizens from harm, whereas healthcare spending is motivated by a commitment to social welfare and the alleviation of human suffering. Furthermore, the economic imperatives driving these two policy areas differ significantly. Defense spending often involves massive capital investments in equipment, personnel, and infrastructure, which are designed to deter or respond to external threats. In contrast, healthcare spending primarily involves the allocation of resources to meet the health needs of citizens, often through a complex network of public and private providers.

Moreover, the impact of defense and healthcare spending on the economy and society also differs. Defense spending can stimulate economic growth through the creation of jobs, contract awards, and infrastructure development, whereas healthcare spending can have a more nuanced effect, with some studies suggesting that it can have a negative impact on economic growth in the short term due to increased taxes and government borrowing. However, this does not mean that healthcare spending is inherently inefficient or ineffective, but rather that its impact is more complex and multifaceted.

It is also worth noting that the Nordic model of healthcare, which the author advocates for, has its own unique characteristics and challenges, including high taxes, limited private sector participation, and a strong emphasis on social solidarity. While this model has achieved impressive results in terms of health outcomes, it is not a panacea and may not be directly applicable to the United States. In conclusion, while the similarities between defense and healthcare spending are intriguing, they do not justify a direct comparison or the implication that one is more ""socialist"" than the other. A more nuanced understanding of the distinct purposes, functions, and impacts of these policy areas is necessary to inform effective policy decisions and public discourse.","The argument posits that if people are willing to support defense spending due to perceived national security threats, they should also be open to universal healthcare on similar grounds of supporting the greater good. However, this overlooks a crucial distinction between tangible, immediate threats (such as external invasions or natural disasters) and abstract long-term benefits like comprehensive healthcare. The latter requires sustained investment in human capital, education, and research, which may not yield immediate returns but contribute to societal prosperity over time. Moreover, prioritizing defense spending over universal healthcare might reflect the differing degrees of urgency, risk, and social need that these two domains encompass.","The notion that a military is equivalent to socialism in economic terms overlooks fundamental differences between national defense and healthcare. National defense serves as a safeguard against external threats, which can have far-reaching consequences for the state's sovereignty and security. In contrast, universal healthcare is primarily focused on providing essential medical services to citizens within the country's borders. The financial implications of these two endeavors are distinct, with defense spending often tied to national security interests rather than direct social welfare benefits. Furthermore, unlike healthcare, a strong military can have both deterrent and strategic value, influencing global politics and economies in ways that transcend mere domestic policy.","While it is true that some people may disagree with specific aspects of both universal healthcare and defense spending, the analogy between the two rests on shaky ground when considering differing social and political contexts. Healthcare systems often aim to address pressing domestic issues like poverty, income inequality, and access to basic human rights. In contrast, a military's primary purpose is to protect national interests and enforce international relations. Additionally, discussions around universal healthcare frequently revolve around moral imperatives regarding the welfare of citizens and the role of government in ensuring their well-being. Conversely, debates surrounding defense spending often revolve around strategic considerations, threat assessments, and resource allocation rather than direct human needs."
t3_9674qq,"Bi-Direction human time travel is impossible My theory is pretty simple. If humans were able to travel forward and backward in time at any point in time, then that technology would exist at all point in time. Simply because if I invented a time machine today, that time machine technology would eventually be used by someone to take the technology to an earlier time. This would continue to happen repeatedly, until all times had time travel technology. Therefore, since we don't have time travel technology today, time travel technology must never exist. A couple caveats here:
• I'm talking real time travel here. Not simply exceeding the speed of light and looking back over your shoulder. Time travel that allows you to travel through time and interact with the people and things of that time. 2. Bi-directional is important here. If you can only travel in one direction (particularly if you can only travel forward), my theory breaks down. I am expressing no view on uni-directional time travel.","Bi-directional human time travel being impossible does not necessarily imply that all times have access to time travel technology. A more nuanced perspective recognizes that temporal technology may exist at certain points in the past or future, even if it is inaccessible due to various constraints such as energy requirements, spatial coordinates, or temporal shielding. This would enable the possibility of isolated instances or pockets of time travel activity within a broader non-linear timeline framework. Additionally, the theory relies heavily on a deterministic view of technological progress, which neglects the role of serendipity, human error, and other unpredictabilities that can influence scientific breakthroughs. In reality, historical events unfold in a complex interplay of factors, making it difficult to assert a blanket prohibition against bi-directional time travel.","The original argument relies on an overly simplistic model of technological dissemination, assuming that any innovation would be immediately replicated and spread throughout the timeline. However, technological advancements often follow nonlinear trajectories, with breakthroughs building upon previous discoveries or diverging into separate paths due to unforeseen applications or setbacks. Moreover, historical records suggest that certain innovations have been lost to time due to various factors such as societal collapse, war, or deliberate suppression. A more realistic portrayal of the timeline would acknowledge the presence of forgotten technologies and alternate histories, rendering the original argument's binary distinction between the existence and non-existence of bi-directional human time travel increasingly tenuous.","The proposed theory is based on a flawed assumption that time travel technology would inevitably spread to all points in time through continuous iteration. However, this overlooks the possibility of temporal constraints and paradoxes that could stifle the development or dissemination of such technology. Consider the Novikov Self-Consistency Principle, which suggests that any events occurring through time travel have already occurred and are therefore predetermined, eliminating the potential for disrupting the timeline. Furthermore, the theory fails to account for the feasibility of building a functioning time machine in the first place, requiring a level of technological advancement that may be insurmountable given current understanding of physics. The presence or absence of time travel technology at any given point in time is unlikely to be a binary outcome; instead, it may reflect complex historical contingencies and contextual factors that cannot be reduced to a simple either-or proposition.","The author's argument is based on a simplistic view of technological progress, which fails to account for the intricate and often unpredictable nature of human innovation. While it is true that technological advancements can spread rapidly, the dissemination of knowledge is not always a straightforward process. In the realm of medical research, for example, breakthroughs often emerge from the confluence of multiple, seemingly unrelated discoveries. The development of immunotherapy, a crucial advancement in cancer treatment, is a prime example. Initially, researchers were working on separate projects to understand the immune system, immune checkpoint inhibitors, and cancer biology. However, it was the convergence of these efforts that led to the creation of effective immunotherapies. This serendipitous convergence of knowledge demonstrates that technological progress is not always linear, but rather a complex interplay of factors.

Moreover, the concept of a technological singularity, where exponential growth in scientific knowledge and technological innovation leads to unpredictable outcomes, challenges the author's assumption of a straightforward, uni-directional dissemination of time travel technology. In this scenario, the development of time travel technology could be the result of multiple, concurrent efforts by researchers working on separate projects, unaware of the larger implications of their work. The emergence of time travel technology could be the result of a ""black swan"" event, where a single, unexpected breakthrough has a profound impact on the field.

Furthermore, the author's argument relies on an overly simplistic notion of causality, where the presence of time travel technology at all points in time is the result of a single, linear chain of events. However, the complexity of human innovation means that causality is often nonlinear, with multiple factors influencing the development of new technologies. The author's argument fails to account for the countless factors that can influence the emergence of new technologies, from funding and resource allocation to societal and cultural context.

In conclusion, while the author's argument has some merit, it is ultimately flawed by its oversimplification of the complex process of technological innovation. By acknowledging the intricate and often unpredictable nature of human innovation, it becomes clear that the emergence of time travel technology is not necessarily a linear process, and the author's conclusion that time travel technology must never exist is unwarranted.","The notion that bi-directional time travel is impossible because it would create a paradox that would render the technology present at all points in time is a compelling one, yet it neglects the power of human creativity and the complexity of human experience. Consider the countless stories where time travel is used as a narrative device, often with a central character navigating the consequences of altering the timeline. These tales would not be possible if time travel were indeed impossible, as they rely on the very concept of a person interacting with their past or future selves. The fact that these stories exist and continue to captivate audiences suggests that, at the very least, the idea of time travel is a rich and fertile ground for creative exploration.

Furthermore, the idea that a time machine would be immediately apparent and widely available across all points in time is a simplistic assumption. Perhaps the development of time travel technology is a gradual process, one that is carefully guarded or shrouded in mystery, only accessible to a select few. This would mean that the absence of time travel technology in our current era does not necessarily preclude its existence in some form. The concept of time travel could be a closely guarded secret, hidden from the general public or restricted to a select group of individuals.

Moreover, the argument's focus on the practical implications of time travel ignores the emotional and psychological aspects of human experience. The possibility of time travel raises fundamental questions about the nature of identity, free will, and the human condition. These are not concerns that can be addressed solely through the lens of physics or technology, but rather through the realm of art and storytelling. By exploring the concept of time travel in a fictional context, artists can tap into the deeper human experiences and emotions that underlie our existence, revealing new insights into the complexities of the human condition.

Ultimately, the argument that bi-directional time travel is impossible because it would create a paradox is a narrow view that neglects the richness and diversity of human experience. By embracing the idea of time travel as a creative device, we can unlock new possibilities for storytelling and artistic expression, exploring the depths of human emotion and the complexities of the human experience.","The proposal that bi-directional human time travel is impossible due to the presence of time travel technology at all points in time assumes a level of technological uniformity that is not necessarily consistent with our understanding of the development of complex systems. While it is true that any existing time machine would eventually be used to transport technology to an earlier time, it is also possible that the technology could be lost or suppressed in the intervening period, preventing its widespread adoption. Furthermore, this argument relies heavily on a deterministic view of history, where the course of events is predetermined and all possible outcomes are predestined. However, the universe is inherently probabilistic, and the presence of randomness and contingency in the universe could lead to the suppression of time travel technology in certain time periods.

Moreover, the argument assumes that time travel technology would be consistently used for its intended purpose, rather than being repurposed or lost to the sands of time. History is replete with examples of technological advancements being developed, only to be abandoned or forgotten due to a variety of factors, including economic, social, or environmental pressures. For instance, the ancient Greeks developed sophisticated knowledge of astronomy and mathematics, but their discoveries were largely lost to the Middle Ages due to the fall of the Roman Empire. Similarly, the technology for the printing press was developed in the 15th century, but it took centuries for it to become widespread. The history of technology is characterized by periods of innovation and stagnation, and it is possible that time travel technology could follow a similar trajectory.

Additionally, the argument ignores the possibility that time travel technology could be deliberately suppressed or erased from history. If a civilization were to develop time travel, it is possible that they could take steps to prevent its existence from being known to earlier or later civilizations. This could be achieved through a variety of means, including the destruction of records, the manipulation of historical events, or even the creation of alternative timelines. The existence of parallel universes or alternate realities could also provide a means for time travel technology to be suppressed or erased in certain branches of reality.

Finally, the argument's scope is limited to bi-directional time travel, which may not be the only type of time travel that is possible. Unidirectional time travel, where the direction of travel is fixed, could potentially be achieved through a variety of means, including the use of wormholes or other exotic phenomena. If unidirectional time travel were possible, it could potentially bypass the constraints of the argument, allowing for the existence of time travel technology in certain time periods while preventing its widespread adoption."
t3_1y40hc,"I think it's okay to litter non-recyclables. ...because if I put my trash in the waste bin then it's going to be 'littered' somewhere else anyways. Yes it will be taken to a dump or an incinerator and therefore be out of sight if I put it in the waste bin but maybe it doesn't matter if there's trash on the side of the road or perhaps I can throw it in the bushes where it will decompose without being seen or maybe it's better for the environment for it to be littered than taken to an incinerator. Really I mostly throw half-drunk soda cans or half-eaten candy bars out of my car because I don't want the temptation of it being in my car while I'm driving but I also just don't have strong feelings against littering in general because it's just aesthetically unappealing and doesn't really harm anyone, though I do wonder what happens to the trash on the side of the road. Do people always come through and pick it up or are there times when it sits there for the year or two necessary for it to decompose (perhaps how long it takes to decompose is a question for raskscience). Also I do try to care for the 'good of the herd' and would be willing to change my view if it means littering is bad for the environment or my fellow man.","Littering has far-reaching consequences that extend beyond the immediate aesthetic appeal of urban spaces. In cities, where land is scarce and infrastructure is strained, litter can exacerbate stormwater management issues, clogging drains and contributing to flooding. Furthermore, litter in public spaces can have a significant impact on community engagement and social cohesion, as residents may feel discouraged from participating in local activities and events due to the presence of trash. In densely populated areas, where waste management is a significant challenge, adopting a lax attitude towards littering can set a bad precedent and create a culture of neglect.

The ""out of sight, out of mind"" argument, where litter is simply taken to a dump or incinerator, oversimplifies the complexities of waste management. In reality, waste disposal is a multifaceted issue that involves not only the physical removal of waste but also the environmental and social implications. Incinerators, for example, can release pollutants into the air, while landfills can leach toxic chemicals into the soil and groundwater. Moreover, the transportation of waste to landfills or incinerators often results in increased greenhouse gas emissions, contributing to climate change.

In addition, the idea that litter can simply decompose in the environment is not a viable solution. While some materials may biodegrade, many others, such as plastics and synthetic materials, can persist in the environment for centuries, causing harm to wildlife and ecosystems. The notion that litter can be beneficial for the environment is a misconception that neglects the intricate web of relationships between human activities and the natural world.

The concept of ""the good of the herd"" is a compelling one, but it requires a more nuanced understanding of community dynamics. While it is true that individual actions can have a cumulative impact, adopting a lax attitude towards littering can have unintended consequences, such as creating an environment that discourages community engagement and social responsibility. In densely populated areas, where residents often rely on shared public spaces, adopting a culture of littering can undermine the very social cohesion that urban planning aims to foster.","Littering is not merely an aesthetic issue or a minor inconvenience; it has significant consequences that affect the entire community and strain regional infrastructure. The accumulation of trash on roadsides and waterways harms local wildlife, contaminates soil and water sources, and degrades air quality. When litter is carried by stormwater runoff, it ends up in rivers, lakes, and oceans, harming marine ecosystems and potentially affecting human health. Moreover, litter clogs storm drains and increases the risk of flooding, which can cause costly damage to roads and properties.

The idea that litter is merely being shifted from one location to another when placed in waste bins is a misconception. While it is true that waste ultimately ends up in landfills or incinerators, the presence of trash on roadsides can cause additional problems, such as attracting pests and creating unsanitary conditions that can lead to the spread of disease. In addition, litter can also create hazardous conditions for drivers, cyclists, and pedestrians, increasing the risk of accidents and injuries. Furthermore, the presence of trash on roadsides can be a significant source of stress and decreased property values for local residents, affecting the overall quality of life in the community.

Rather than allowing trash to accumulate on roadsides, communities can invest in waste management systems that prioritize responsible disposal and recycling practices. This includes implementing robust waste collection services, recycling programs, and education campaigns to promote responsible waste disposal. By taking a proactive approach to addressing litter, communities can mitigate the negative impacts on infrastructure and the environment, ultimately improving the quality of life for residents and visitors alike. It is not only a matter of aesthetics or personal convenience but a collective responsibility to maintain a clean and healthy environment for all.","The idea that littering non-recyclables, such as half-drunk soda cans and half-eaten candy bars, is a harmless act that won't harm anyone or the environment is a misconception. The reality is that littering contributes to a broader problem of environmental degradation and waste management issues. The waste you throw out of your car may seem insignificant, but it adds up to a significant problem when considered on a larger scale. For instance, plastic waste, which often accompanies non-recyclable items, takes hundreds of years to decompose and can end up in our oceans, harming marine life and the ecosystem.

Moreover, the assumption that litter will always be cleaned up, either by authorities or natural decomposition, is not always true. In many areas, especially rural or remote locations, trash can sit for years, contributing to eyesores and health hazards. The aesthetic appeal of a clean environment is not just a matter of personal preference; it has a direct impact on mental health and community well-being. Furthermore, the 'good of the herd' argument, where you suggest being willing to change your view if it's beneficial to others, can be applied to the issue of littering. By choosing to dispose of waste properly, you set an example for others and contribute to a culture of respect for the environment.

The argument that incinerators are a better option than littering is also misguided. While incineration may seem like a more sanitary solution, it produces hazardous air pollutants and contributes to greenhouse gas emissions. In contrast, proper waste management through recycling and composting can significantly reduce the environmental impact of waste disposal. By taking responsibility for our waste and disposing of it properly, we can create a healthier environment and promote a more sustainable future. It's not about being overly concerned with aesthetics, but about taking a proactive approach to addressing a significant environmental issue that affects us all.","The assumption that littering non-recyclables is equivalent to putting them in a waste bin may be misleading. The primary concern with littering is not the ultimate destination of trash, but rather its immediate and visible impact on the environment and society. Litter can contaminate waterways, harm wildlife, and degrade public spaces, all of which are detrimental effects that occur regardless of whether the trash is eventually taken to a dump or incinerator. Furthermore, littering sends a damaging message about personal responsibility and respect for shared spaces. Moreover, the argument that it's ""out of sight"" if put in a waste bin ignores the reality that many communities lack adequate waste management infrastructure, resulting in trash remaining in local environments. This perspective neglects the importance of considering the broader environmental impact and long-term consequences of littering.","The idea that littering is aesthetically unappealing but harmless underestimates the significant impact it can have on public health and well-being. Exposure to trash can contribute to mental health issues, decreased property values, and reduced quality of life for local residents. Furthermore, the assumption that litter will eventually decompose or be cleaned up by others ignores the reality that many communities lack adequate resources and infrastructure to address these problems. In fact, studies have shown that littered areas can remain contaminated for years, causing long-term harm to both humans and wildlife. This perspective overlooks the importance of considering the cumulative effects of individual actions on shared environments and public health.","The suggestion that it's better for the environment to litter non-recyclables than take them to an incinerator is unfounded. Incinerators are designed to manage waste safely and efficiently, reducing the need for landfills and minimizing environmental harm. In contrast, littering can lead to pollution, habitat destruction, and health risks. It's also crucial to recognize that many communities lack access to safe and reliable waste management services, making it more likely that trash will end up in local environments rather than being disposed of properly. Moreover, the argument that decomposing organic materials in natural settings is beneficial overlooks the potential for contamination and harm to ecosystems when non-organic materials like plastics are involved."
t3_14pjp35,"Democracy doesn't work Little nervous posting 
I've recently developed an interest in philosophy which, in turn, has led me to question today's politics. The more I learn, the more I think that democracy doesn't work. Trying to learn about today's politics seems impossible. I struggle to find information that isn't biased, isn't muddied with misinformation or addresses important issues. The whole system seems reliant on manipulative sensationalism to sway voters. Politicians seem to have personal agendas with rhetoric filled with logical fallacies, misdirection and lies
People seem to vote ignorantly. Unaware of their party's stance, more focused on a single issue or defending what they've always voted. I have no trust in politicians communicating their politics nor in voters making informed decisions.","The criticism that democracy is plagued by manipulative sensationalism and logical fallacies overlooks the crucial role that media plays in shaping public discourse. While it's true that some news outlets may prioritize clicks over facts, this doesn't necessarily mean that democracy itself is broken. In fact, the existence of a diverse range of media outlets ensures that citizens have access to a wide array of perspectives and viewpoints. This diversity also allows for critical thinking and evaluation, as citizens are forced to navigate multiple sources and evaluate the credibility of each.

Moreover, the notion that politicians are driven solely by personal agendas ignores the complex interplay between various factors that influence their decision-making. Politicians must balance competing interests, negotiate with diverse stakeholders, and respond to rapidly changing circumstances. This requires a nuanced understanding of the system and its many actors, rather than simply blaming individuals for the problems inherent in democracy.

Furthermore, the emphasis on individual voter ignorance overlooks the role of civic education and community engagement in promoting informed decision-making. Many organizations and initiatives are working tirelessly to promote critical thinking, media literacy, and participatory democracy. These efforts demonstrate that it's possible to empower citizens to make informed choices, even in the face of complex information landscapes.","The idea that democracy doesn't work ignores the historical context and evolution of democratic systems over time. Democratic principles have been debated and refined for centuries, with each generation pushing the boundaries of what is possible. The struggles and challenges faced by modern democracies are not unique to our era; rather, they reflect ongoing debates about the nature of power, representation, and civic responsibility.

Moreover, the notion that democracy is inherently flawed ignores the many examples of successful democratic reform and innovation. Countries like South Africa and Brazil have made significant strides in promoting inclusive participation, reducing inequality, and improving electoral integrity. These successes demonstrate that it's possible to adapt and improve democratic systems over time, rather than abandoning them altogether.

In addition, the emphasis on personal agendas and voter ignorance overlooks the systemic changes that are underway to promote greater accountability and transparency. From whistleblower protections to freedom of information laws, many countries are working to create a more open and responsive government. These efforts demonstrate that it's possible to build a system that prioritizes the common good over individual interests and special pleading.","The notion that democracy doesn't work is a sweeping generalization that fails to account for its intrinsic strengths and the numerous examples of successful democratic systems around the world. It's true that the current political landscape may seem chaotic, but this doesn't necessarily mean the system itself is flawed. In fact, the vast majority of democratic countries have made significant strides in promoting transparency, accountability, and civic engagement. For instance, countries like Norway and Sweden have implemented robust electoral reforms, ensuring that their citizens have access to unbiased information and reliable voting systems. These democracies also prioritize education and critical thinking skills, which enable voters to make informed decisions.

Moreover, the idea that politicians are solely driven by personal agendas is an oversimplification of a complex issue. While it's true that some politicians may be more cunning than others, many genuinely strive to serve their constituents and work towards the common good. Moreover, the existence of checks and balances within democratic systems ensures that power is not concentrated in the hands of any one individual or group. Furthermore, there are numerous examples of politicians who have put aside personal interests for the greater good, demonstrating that it's possible to prioritize the well-being of others.

In addition, the notion that voters are ignorant or uninformed is a harsh judgment that doesn't take into account the systemic barriers and socioeconomic factors that can impact civic engagement. Many citizens face significant obstacles in accessing reliable information, including lack of access to education, language barriers, and systemic inequality. By dismissing the agency and capacity of voters, we risk ignoring these pressing issues and overlooking the many ways in which ordinary people are actively working towards creating a more just society.","Democracy's imperfections do not necessarily indicate a failure of the system, but rather its organic nature. Just as music charts reflect shifting tastes and cultural influences, democratic processes show an evolving response to societal needs. The challenges of biased information, misinformation, and manipulative rhetoric can be seen as symptoms of a maturing system, where citizens are increasingly aware of the issues and engaging in critical thinking. As citizens become more informed, they are better equipped to identify and address misinformation, much like how music enthusiasts critically evaluate new releases and identify authentic sounds.

Moreover, the diversity of opinions and perspectives in a democratic system can lead to more nuanced discussions and, ultimately, better decision-making. While it's true that some politicians engage in manipulative tactics, this can also lead to a more robust marketplace of ideas, where voters can discern truth from rhetoric. In fact, the presence of misinformation and biased information can serve as a catalyst for fact-checking and critical thinking, strengthening the democratic process. By analyzing the data on voting patterns, it becomes clear that citizens are not as uninformed as it may seem; they are simply voting based on their values and priorities, often on specific issues that resonate with them.

The notion that people vote ignorantly because they don't understand their party's stance or are focused on a single issue oversimplifies the complexities of human decision-making. Voting is often a pragmatic choice, influenced by a combination of factors, including personal experiences, social networks, and local conditions. Rather than dismissing voters as uninformed, it's more productive to understand the context behind their choices and identify opportunities for education and engagement. By recognizing the dynamic nature of democracy and its capacity for growth, we can work towards creating a more informed and engaged citizenry, rather than abandoning the system as fundamentally flawed.","Democracy, though imperfect, has proven itself capable of evolution and self-correction. The process of representative government allows for the aggregation of diverse perspectives, creating a more comprehensive understanding of the complexities involved in governance. Politicians' personal agendas and rhetoric, while problematic, do not necessarily undermine the system's ability to function. In fact, the very presence of diverse opinions and competing interests forces politicians to adapt and refine their positions, ultimately leading to more informed and representative decision-making.

Moreover, the notion that voters are uninformed and ignorant oversimplifies the dynamics of civic engagement. Many citizens actively seek out information, engage in discussions, and participate in the democratic process through various means, such as advocacy groups, community organizations, and local activism. These efforts often receive little attention, but they demonstrate a deep commitment to the democratic process and a desire to hold elected officials accountable.

The problem of misinformation and biased information is a challenge that can be addressed through education and media literacy initiatives. By teaching critical thinking skills and promoting fact-based reporting, citizens can become more discerning consumers of information and make more informed decisions. Furthermore, the influence of social media and the internet has democratized access to information, allowing citizens to fact-check and verify claims made by politicians and other sources.

Ultimately, the democratic process is not solely dependent on the character of individual politicians or voters. It is a complex system that relies on the interplay of various factors, including institutional checks and balances, a free press, and an active civil society. By focusing on the strengths and resilience of democracy, rather than its flaws and weaknesses, we can work towards a more informed and engaged citizenry, one that is capable of addressing the challenges facing our society and building a more just and equitable future.","While it is true that democracy faces numerous challenges, including biased information, misinformation, and manipulative sensationalism, it is also true that data-driven approaches can serve as a crucial corrective to these issues. Data analysis can help identify areas where misinformation is most prevalent, enabling fact-checking efforts to be targeted and more effective. Additionally, data analytics can reveal patterns in voting behavior, allowing politicians to better understand their constituents' needs and tailor their communication strategies to be more effective and transparent. By leveraging data-driven insights, politicians can develop more nuanced and evidence-based policies, which can help to increase voter trust and engagement.

Moreover, the use of data-driven approaches can facilitate more informed decision-making by providing voters with a clear and accessible understanding of policy issues. For instance, data visualization tools can present complex information in an easily digestible format, allowing voters to make more informed choices based on concrete data rather than rhetoric. This can also help to mitigate the effects of manipulative sensationalism, as voters are presented with a more accurate representation of the facts.

Furthermore, data analytics can be used to identify areas where politicians are engaging in logical fallacies or misdirection, enabling voters to hold them accountable for their actions. By analyzing the language and rhetoric used by politicians, data analysts can expose instances of spin and deception, promoting a more transparent and honest dialogue in the political sphere. In this way, data-driven approaches can help to promote a more informed and engaged citizenry, which is a cornerstone of a healthy democratic system.

In addition, data analysis can provide insights into the demographic trends and patterns in voting behavior, enabling policymakers to better understand the needs and concerns of different groups within society. By leveraging this information, politicians can develop policies that are more responsive to the needs of their constituents, increasing voter trust and satisfaction with the democratic process. Ultimately, the use of data-driven approaches can help to build a more inclusive and representative democracy, where voters are empowered to make informed decisions and hold their elected officials accountable for their actions."
t3_5e44xi,"The world would be so much better without Christianity, Islam, and Judaism I had this all typed out and they removed it because no CMV. I'm feeling pretty reluctant about typing this again, but anyways, these religions of having ""one god,"" bring nothing but violence and negativity into this world. I understand that there are those miracle moments and churches do good things for communities. But that's all in their head. They could do that without it being ""gods will."" I'm having trouble understanding why they should be kept around, science disproves everything in their holy texts. Throughout history so many people have been murdered because they refuse to believe in their version of god or any god. I feel like I'm a very open minded person but I just don't think anybody should be killed or treated differently over an idea. I don't want to say what people should and shouldn't believe in but wouldn't the world be a much better place without these religions?","A crucial consideration in evaluating the impact of Christianity, Islam, and Judaism on society is the concept of tolerance and the coexistence of diverse worldviews. While it is true that conflicts have arisen due to differences in faith, this does not imply that the presence of these religions inherently fosters hatred or violence. Rather, it highlights the need for more effective communication, understanding, and conflict resolution between people of different backgrounds.

These faiths also provide a shared cultural heritage for many communities, encompassing rich traditions of art, literature, philosophy, and music. Erasing these influences would result in a significant loss of cultural diversity and richness. Furthermore, many of the values and principles promoted by these faiths  such as compassion, forgiveness, and the value of human life  are universal and continue to inspire people across cultures.

The relationship between science and religion is more intricate than can be captured by simplistic notions of conflict or compatibility. While some scientific theories may challenge certain aspects of traditional theology, many scientists find meaning and purpose in their faith despite the potential contradictions. This dichotomy underscores the complexities inherent to human experience, where diverse perspectives coexist without necessarily being mutually exclusive.","A major oversight in the original argument is its failure to account for the role that these faiths play in promoting personal development, individual growth, and community cohesion. By providing a sense of belonging, purpose, and moral guidance, Christianity, Islam, and Judaism empower people to make positive contributions to society.

Moreover, the notion that science has disproven everything in their holy texts is an oversimplification that neglects the multifaceted nature of faith and scientific inquiry. Many aspects of these scriptures  such as parables, metaphors, and spiritual teachings  remain open to interpretation and continue to offer insights into human nature and the human condition.

The idea that these religions should be eradicated because they have been associated with violence overlooks the fact that many historical conflicts have also involved secular ideologies or nationalist movements. It is crucial to approach this issue with nuance, recognizing both the harm caused by certain religious groups and the numerous instances of compassion, kindness, and altruism inspired by faith.

Ultimately, rather than advocating for the eradication of these faiths, society should focus on fostering greater understanding, tolerance, and empathy between people holding different worldviews. By promoting peaceful coexistence and mutual respect, we can work towards a more harmonious and inclusive global community.","The assertion that the world would be better without Christianity, Islam, and Judaism overlooks a critical aspect of human nature: the need for community and a shared sense of purpose. These faiths provide a foundation for people to come together and work towards common goals, often with positive outcomes for society. It is disingenuous to dismiss the numerous charitable endeavors undertaken by churches and other religious institutions as mere attempts to justify their beliefs. The fact that these organizations can do good without referencing God does not diminish the value of the help they provide. In addition, the historical record shows that many acts of kindness and compassion have been performed in the name of faith, often at great personal risk to the individuals involved. Eradicating these religions would not necessarily eliminate the underlying motivations driving people to help one another, but it could conceivably remove a significant source of inspiration and cohesion from society.

Moreover, science and faith are not inherently mutually exclusive. Many scientists believe in God or find value in spiritual pursuits without allowing them to compromise their pursuit of scientific knowledge. In fact, there are numerous examples of influential thinkers throughout history who have successfully integrated faith with rational inquiry. It is inaccurate and unhelpful to portray the two as being at odds.

Focusing solely on the negative aspects of these faiths ignores a wealth of complexity and nuance within each tradition. To suggest that people should be killed or treated differently over an idea betrays a fundamental misunderstanding of human nature. Humans are capable of holding multiple perspectives simultaneously, and it is possible for individuals to engage with ideas they disagree with without resorting to violence.","Eliminating Christianity, Islam, and Judaism from society would not only overlook the profound positive impacts these faiths have had on human history but also disregard the intrinsic value of faith in fostering empathy and community. For instance, numerous studies have shown that communities with strong religious ties tend to have higher levels of volunteerism, charitable giving, and social cohesion. The presence of churches, mosques, and synagogues serves as a hub for people to come together, share their experiences, and support one another in times of need. Furthermore, many hospitals, schools, and community centers have been established by religious organizations, providing essential services to people of all backgrounds.

Moreover, it is essential to recognize that the violent and negative aspects of these faiths are not inherent to the religions themselves but rather a result of human interpretation and extremism. Throughout history, people of faith have been at the forefront of social justice movements, advocating for human rights, and promoting equality. For example, the civil rights movement in the United States was heavily influenced by the teachings of Christianity, particularly the idea of loving one's neighbor and treating others with dignity and respect. Similarly, many Islamic scholars have been instrumental in promoting education, science, and critical thinking, contributing significantly to the advancement of knowledge.

Science and faith are not mutually exclusive, and many scientists have credited their faith with inspiring their work and providing a sense of purpose. For instance, Albert Einstein, a renowned physicist, often spoke about the importance of faith in his life and work, stating that ""science without religion is lame."" In fact, some of the most significant scientific breakthroughs have been driven by people with strong faith convictions, who saw their work as a way to understand and appreciate the wonder and complexity of the natural world.

Rather than dismissing these faiths as inherently problematic, it is more productive to engage in a nuanced discussion about the complexities of human nature and the ways in which faith can be used for both good and ill. By recognizing the value of faith in promoting human connection and community, we can work towards creating a more inclusive and compassionate society that acknowledges the diversity of human experience and the many ways in which people find meaning and purpose.","The proposal to eliminate Christianity, Islam, and Judaism from the world hinges on a simplistic and misguided assumption that these faiths are solely responsible for violence and negativity. However, this ignores the rich tapestry of human experiences, where individuals have harnessed their faith to achieve remarkable feats of compassion, kindness, and scientific discovery. The world has witnessed countless examples of people of faith who have made significant contributions to medicine, education, and social justice. For instance, the development of hospitals and healthcare systems in many parts of the world is directly linked to the efforts of religious communities. Moreover, the principles of compassion, empathy, and forgiveness, which are central to many faiths, have guided medical professionals in their work to provide care and support to patients and their families.

Furthermore, the notion that science disproves the holy texts of these religions is a narrow and misguided interpretation. The relationship between science and faith is not mutually exclusive; in fact, many scientists have credited their faith as a source of inspiration and motivation for their work. The groundbreaking discoveries in medicine, physics, and astronomy have been made by individuals who were not only believers but also deeply committed to their faith. The works of scientists like Isaac Newton, Blaise Pascal, and Albert Einstein, to name a few, demonstrate that faith and reason are not only compatible but also complementary aspects of human understanding.

It is also worth noting that the idea that eliminating these religions would eradicate violence and negativity is a simplistic and unrealistic assumption. Human beings are complex and multifaceted, and violence and negativity are deeply ingrained in human nature. From a historical perspective, the rise of secular ideologies and movements has not necessarily led to a reduction in violence; instead, it has often resulted in new forms of intolerance and hatred. A more nuanced approach to addressing the root causes of violence and negativity is needed, one that acknowledges the complexities of human experience and the role of both faith and secular ideologies in shaping our behaviors and attitudes.

Ultimately, the elimination of Christianity, Islam, and Judaism would not only be a loss of cultural and historical heritage but also a deprivation of the diverse perspectives and experiences that these faiths bring to the table. By embracing and respecting these differences, we can create a more inclusive and compassionate society, one that values the contributions of people from all walks of life, including those who find meaning and purpose in their faith.","While it's understandable to be disheartened by the historical and ongoing conflicts fueled by religious differences, it's essential to acknowledge that these faiths have also been the foundation for countless acts of kindness, charity, and compassion. The idea that people are only driven by a desire to harm or dominate others because of their faith is a gross oversimplification of the complexities of human nature. In fact, many adherents of Christianity, Islam, and Judaism have made significant contributions to the arts, sciences, and social justice movements throughout history. Take, for example, the numerous physicians, teachers, and activists who have been inspired by their faith to dedicate their lives to improving the lives of others.

Moreover, it's essential to recognize that these faiths have evolved significantly over time, incorporating elements of humanism and rational thinking. The concept of a single, all-knowing God may be at odds with modern science, but many adherents of these faiths have found ways to reconcile their spiritual beliefs with the discoveries of modern science. The notion that these faiths are inherently at odds with reason and progress is a caricature that does a disservice to the countless individuals who have worked to promote understanding and coexistence.

Furthermore, the idea that people should be killed or treated differently because of their faith is abhorrent and morally reprehensible. However, this is not a reason to dismiss the role of faith in people's lives entirely. Rather, it's a call to action to promote greater understanding, tolerance, and respect for diversity. By acknowledging the diversity of human experiences and the complexities of faith, we can work towards a more inclusive and compassionate society that values the contributions of people from all walks of life.

Ultimately, the presence of these faiths does not preclude the existence of a better world; in fact, it can be argued that they provide a rich tapestry of perspectives and experiences that can enrich our understanding of the human condition. By embracing this diversity and promoting greater understanding and respect, we can create a more just and equitable society that values the contributions of all individuals, regardless of their faith or background."
t3_28lu7m,"Contrary to popular belief, the recent change regarding up and down vote counts is completely benign and being blown WAY out of proportion I just don't get it at all. I don't see what exactly the specific counts offer to the average user. Yes, you can see if a lot of people have seen your post, I'll give you that. But if enough people have seen it AND voted on it enough to warrant your notice, they will also be replying and discussing, which helps you better gauge response than those two silly numbers ever could. In another CMV, uMasowb8 went so far as to call hiding the counts ""a move that...drastically shifts the communitys structure and dynamic."" How exactly? Why are people so upset about not getting specifics? Frankly, I think everyone is just being childish.","The argument that the change in up and down vote counts is ""completely benign"" and blown out of proportion overlooks the intrinsic value of community feedback in shaping Reddit's dynamics. By removing these metrics, the community loses a crucial tool for gauging the effectiveness of its posts and engaging with its users. Just as a casting director relies on diverse feedback from various stakeholders to find the perfect fit for a role, Reddit's community relies on its voting system to identify and promote high-quality content. By stripping away this data, the community is left without a clear understanding of what resonates with its audience, making it more challenging to create engaging content and foster meaningful discussions.

Moreover, the argument's assertion that users can gauge response through replies and discussions overlooks the fact that engagement metrics provide a more comprehensive understanding of how users interact with content. For instance, a post might receive a large number of comments, but if the conversation is shallow or off-topic, it does not accurately reflect the post's quality. In contrast, voting metrics provide a concise and actionable snapshot of user sentiment, allowing content creators to adjust their strategy and improve their content over time.

Furthermore, the comparison to uMasowb8's argument about the change drastically shifting the community's structure and dynamic is apt, as it highlights the community's emotional investment in its voting system. Rather than dismissing this concern as ""childish,"" it's essential to recognize that community feedback is a vital aspect of Reddit's ecosystem, and removing it can have far-reaching consequences. The casting director's experience in understanding the importance of audience feedback in shaping the success of a project underscores the value of these metrics in maintaining a healthy and engaged community.

Ultimately, the decision to hide up and down vote counts may seem like a minor change, but its impact on community dynamics and engagement is far from benign. By prioritizing nuanced, qualitative feedback over simplistic metrics, the Reddit community risks losing a valuable tool for understanding and promoting high-quality content, ultimately undermining the very fabric of its social structure.","The author's assertion that the change in vote counts is ""benign"" and being ""blown out of proportion"" overlooks the potential consequences of hiding relevant information from users. In fact, transparency in online communities is crucial for understanding user behavior and community dynamics. As someone who has spent years analyzing trends in music chart performance, it's clear that understanding metrics such as engagement and sentiment are essential for making informed decisions. The absence of vote counts could lead to a lack of accountability and a decrease in user engagement, as users may feel their opinions are no longer being taken into account.

Moreover, the author's claim that users will simply shift to alternative metrics such as replies and discussions is overly simplistic. While replies and discussions can provide valuable insights, they often lack the nuance and context provided by up and down vote counts. For instance, a post with a large number of replies but a negative upvote-to-downvote ratio may indicate a polarizing discussion, while a post with a large number of upvotes but few replies may indicate a more universally accepted opinion. By hiding vote counts, users are deprived of this crucial context and are left with an incomplete understanding of the community's sentiment.

Furthermore, the author's dismissive tone towards users who are upset about the change in vote counts is unproductive and fails to acknowledge the legitimate concerns of the community. As a data analyst, it's clear that hiding vote counts can have a significant impact on the analysis and interpretation of user behavior. By obscuring this information, Reddit is essentially rendering its own analytics useless, making it difficult for users to understand the effectiveness of their content and engagement strategies. This could ultimately lead to a decrease in user engagement and a shift towards less informative and less engaging content. In conclusion, the change in vote counts is not as ""benign"" as the author suggests, and its consequences should be carefully considered to ensure that Reddit remains a valuable and informative platform for its users.","The decision to remove up and down vote counts from Reddit posts is not as innocuous as it seems. While it may be true that users can gauge community response through comments and replies, this approach is limited in its ability to provide a comprehensive understanding of post engagement. By removing vote counts, Reddit is essentially depriving users of a crucial metric that allows them to measure the overall sentiment and popularity of a post. This lack of transparency can have significant consequences, particularly in communities where discussions are often contentious and nuanced. For instance, in a community discussing a contentious issue like politics, vote counts can help identify areas of agreement and disagreement, allowing users to refine their arguments and engage in more productive discussions.

Moreover, the removal of vote counts can also lead to a lack of accountability among users. Without clear metrics on post engagement, users may feel less inclined to engage in meaningful discussions, as they will not be able to hold others accountable for their views. This can lead to a decline in the quality of discussions and a decrease in community participation. Furthermore, the data analyst community, which relies heavily on metrics and data-driven insights, will be severely impacted by the removal of vote counts. By limiting access to this information, Reddit is essentially silencing a vital tool for researchers and analysts who study community engagement and demographic trends.

It's also worth noting that the average user is not the only beneficiary of vote counts. By providing users with a clear understanding of post engagement, Reddit is creating a more informed and engaged community. Users who are able to see how their posts are being received can refine their content and tailor it to better resonate with their audience. This can lead to increased user satisfaction and a more vibrant community. In contrast, the removal of vote counts will likely lead to a decline in user engagement and a less informed community.","The characterization of those who are upset about the removal of up and down vote counts as ""childish"" dismisses the very real concerns users have regarding the changes implemented. Rather than focusing on perceived childishness, it would be more productive to engage with the substantive arguments put forth by community members who value transparency and visibility in their online interactions. Many users rely on these metrics as a way to evaluate the effectiveness of content creation strategies or identify areas where they can improve their engagement. By ignoring these legitimate concerns and instead resorting to pejorative labeling, it becomes clear that the original author has failed to consider the perspectives of those who have invested significant time and effort into creating and sharing content within this community.","The perceived benign nature of the recent change regarding up and down vote counts overlooks the complex role these metrics play in shaping user behavior and community dynamics. While it is true that reply comments can serve as an indicator of engagement, they often fail to capture nuanced reactions or sentiment. The specific counts offered by traditional voting systems provide a more comprehensive understanding of post performance, allowing users to gauge not only visibility but also the depth of discussion. Furthermore, the removal of these metrics may inadvertently disincentivize users from engaging with high-quality content that resonates with smaller audiences. In many cases, the presence or absence of specific vote counts can significantly impact user decision-making, influencing whether they choose to invest time and energy in contributing to a conversation. By downplaying the significance of these metrics, it is clear that the original author has overlooked the subtle yet meaningful ways in which users rely on them.","The suggestion that hiding up and down vote counts would not drastically shift the community's structure and dynamic fundamentally misunderstands the ways in which visibility and engagement are closely tied. For many users, especially those who create content around sensitive or divisive topics, knowing how their post is received can have a profound impact on their willingness to participate. By obscuring this information, the community risks silencing marginal voices and contributors who may feel discouraged from sharing their perspectives if they cannot gauge their audience's response. Moreover, the emphasis on reply comments as an alternative metric fails to account for situations where users may be hesitant to engage in discussions due to fear of backlash or criticism. In such cases, being able to view vote counts provides a level of transparency and reassurance that is essential to fostering open and inclusive dialogue."
t3_r661bv,"Now that Google has removed the dislike counter, it is an obligation and responsibility for channels to post their likedislikes publicly to stay fair and honest. Literally just went to youtube and saw they removed the dislikes, I honestly think its a really dumb decision but that's Google and those idiots went ahead and did it. Basically my view is that the change doesn't matter because all the channels can post and pin a comment saying the like to dislike ratio, or something like that. I just feel now that dislikes are effectively gone creators are just gonna make trash videos and not care about the reaction or take really shady sponsorships, etc. It doesn't really remove constructive feedback that a channel can experience through comments or what not, but it removes the at a glance view of whether a video is good or not. My opinion is that if a channel does not post their likedislike numbers anyone is reasonable to assume they do not care about the content that they put on their channel and are not worth watching. 
I especially hold this view for the channels that made video after video about this youtube change. If those guys are too lazy to post their dislikes after making a fuss about it then those guys are hypocrites. Anyone can literally do it, it takes a few clicks and copypaste, hell you can even make a script for it! Alright that's my post, would like some feedback thanks! 
A user made me aware that there is an add on to see dislikes here it is, obviously its not a reddit link so be aware.","The argument that channels must publicly disclose their likedislike ratios to maintain transparency and fairness may initially seem compelling, but upon closer examination, it reveals itself to be overly simplistic and potentially counterproductive. The notion that channels are obligated to post their likedislike numbers as a means of demonstrating their commitment to transparency and accountability oversimplifies the complexities of audience engagement and the multifaceted nature of online discourse. Furthermore, this requirement could lead to a culture of superficiality, where channels prioritize the appearance of transparency over genuine engagement with their audience.

Moreover, the proliferation of third-party add-ons and browser extensions that allow viewers to bypass YouTube's removal of the dislike button highlights the creative ways in which users can still access this information. Rather than relying on channels to publicly disclose their metrics, viewers can still access the data they need to form a well-informed opinion about a video's quality. This approach not only respects the autonomy of channels to manage their content as they see fit but also empowers viewers to take an active role in evaluating the information they consume.

In addition, the emphasis on publicly disclosed likedislike ratios overlooks the possibility that this data may not accurately reflect the true sentiment of the audience. Viewers may be hesitant to click the dislike button due to fear of reprisal or social pressure, which could lead to a distorted view of a video's reception. By focusing on the availability of this data, rather than its accuracy, channels may inadvertently create a false narrative about their content's reception.

Ultimately, the requirement to publicly disclose likedislike ratios may be a misguided attempt to address the perceived problem of a lack of transparency. Rather than forcing channels to conform to this requirement, it would be more productive to engage in a nuanced discussion about the complexities of online discourse and the ways in which viewers can access the information they need to evaluate content. By acknowledging the limitations and potential pitfalls of publicly disclosed metrics, we can work towards a more informed and thoughtful approach to online engagement.","The assumption that channels must post their likedislike numbers to demonstrate a commitment to transparency and accountability oversimplifies the multifaceted nature of audience engagement on YouTube. The scholar's notion that a channel's failure to do so renders them ""not worth watching"" assumes a direct correlation between visibility of likesdislikes and quality of content. However, this overlooks the fact that audience feedback is not solely determined by numerical metrics. The scholar's position also disregards the potential drawbacks of publicly displaying likes and dislikes, such as creating a culture of comparison and competition among creators, rather than fostering meaningful discussion and critique.

Moreover, the channel's decision to post a comment with their likedislike ratio, as suggested by the creator, may not necessarily guarantee accuracy or provide a comprehensive view of the audience's response. It may even be seen as an attempt to manipulate public perception by cherry-picking data that supports their own narrative. This approach also ignores the possibility that some viewers may not engage with the content in a way that leaves a visible digital footprint, such as through likes or dislikes. By relying on a superficial metric, the scholar's stance risks perpetuating a narrow and superficial understanding of audience engagement.

Furthermore, the scholar's emphasis on the importance of transparency and accountability may be misapplied to this specific issue. Channels that fail to post likesdislikes may be doing so for a variety of reasons, such as a desire to avoid being overly fixated on numerical metrics or to create a more nuanced and inclusive space for discussion. By stigmatizing these channels and labeling them as ""hypocrites,"" the scholar's stance risks alienating creators who are actively working to subvert the dominant discourses surrounding likes and dislikes. Ultimately, a more nuanced approach to understanding audience engagement on YouTube would acknowledge the complexities of this ecosystem and avoid oversimplifying the relationship between visibility, quality, and accountability.","While the removal of the dislike counter may seem like a step backward for transparency, it's essential to consider the broader implications and potential consequences of forcing channels to post their likedislike ratios. In today's digital landscape, consumers are increasingly looking for efficiency and ease of use. By requiring channels to manually post their metrics, you may inadvertently create more work for them, potentially leading to burnout or decreased productivity. This, in turn, could negatively impact the quality of content and the overall user experience. Furthermore, manually posting metrics may not accurately reflect the true sentiment of viewers, as comments and engagement metrics can be more telling than a simple likedislike ratio.

Moreover, relying on channels to post their metrics can create a sense of distrust and skepticism. If viewers are forced to scour through comments or wait for creators to post updates, they may become disillusioned with the platform altogether. This could lead to a decline in engagement and a loss of interest in the channel, ultimately harming the very creators who are being asked to take on additional responsibilities. It's also worth noting that not all channels have the resources or technical expertise to create custom scripts or implement manual posting systems, which could create an uneven playing field.

A more pragmatic approach might be to explore alternative solutions that promote transparency without adding unnecessary burdens on creators. For instance, YouTube could introduce a more nuanced system that displays a summary of the video's performance, highlighting key metrics such as engagement, views, and watch time. This would provide a more comprehensive understanding of a video's success without requiring manual posting or additional effort from creators. By taking a more adaptable and user-centered approach, YouTube can strike a balance between transparency and practicality, ensuring that both creators and viewers benefit from the platform's changes.","The assumption that channels which do not post their likedislike numbers are unworthy of viewing neglects the complexities of online content creation and the various reasons why creators may choose not to share this information. Many popular channels have evolved to become community-driven spaces, where audience engagement is fostered through conversation rather than numerical metrics. By focusing solely on likedislike ratios, viewers miss out on the richness of creator-audience interactions that occur beyond the confines of a single metric. Furthermore, relying on add-ons or other workarounds to access dislikes undermines the spirit of transparency and reinforces the very problem being addressed  namely, the lack of clear, built-in alternatives for creators who value community feedback.","The call to action for channels to post their likedislike numbers in order to prove their worth misunderstands the motivations behind YouTube's decision to remove dislikes. Rather than a move designed to silence creators or stifle constructive criticism, this change is likely an attempt to mitigate the negative impact of public shaming and harassment that can accompany dislike counts. Creators are not inherently motivated by a desire for transparency; they often face external pressures from their audience, peers, and even themselves, which can lead them to focus on metrics rather than meaningful engagement. By shifting attention away from numerical ratios and towards community-driven interactions, YouTube may be striving to promote a healthier online environment where creators feel empowered to produce content without fear of public backlash or scrutiny.","The notion that channels must post their likedislike numbers publicly to stay fair and honest raises important questions about the role of creators in a rapidly changing online landscape. While it is true that some creators may prioritize transparency, others may have legitimate reasons for not wanting to share this information. For instance, if a channel receives an overwhelming number of dislikes due to factors outside their control, such as algorithmic changes or unforeseen controversy, they may still be producing high-quality content. Moreover, forcing channels to display likedislike numbers could create an uneven playing field, where creators who receive more backlash are disproportionately penalized. This approach also fails to address the root issue: that the removal of dislikes is a symptom of YouTube's broader struggle to balance user feedback with creator well-being."
t3_1k9jlv,"I believe that Libertarians have no idea how their dogma, especially the ""non-aggression principle"" would actually work in a real society. As a disillusioned citizen, fed up with the antics of Republicans and Democrats alike, I embraced the Libertarian movement during the last Presidential election. Granted, my enthusiasm for Libertarinanism was fueled by questionable online sources that portrayed Libertarians as a moderate combination of Republican and Democrat principles. After subscribing to rLibertarian, I learned that the conceptual framework of the party was significantly different from what I thought the party stood for. I have since grown disillusioned with the Libertarian movement because, based upon conversations and questioning of rLibertarian members, any question that I posed that had real world implications was not addressed to any degree of sufficiency. For example, the Libertarian non-aggression principle states that the government has no right to enter or seize property. Reality, however, dictates that their are circumstances in which the non-aggression principle does not hold true. Also, based upon my questioning of rLibertarian members, they believe that private security forces are superior to government forces. I completely disagree as sell swords (to use a popular vernacular) are only loyal as far as the dollar goes. IMO, this is hardly a reliable or fair system for governmental and public accountability. All this being said, I still want to embrace the Libertarians.","It is understandable that the Libertarians' idealistic views, particularly the non-aggression principle, may seem unrealistic in the face of real-world complexities. However, this principle is not meant to be a dogmatic rule, but rather a guiding framework for policymakers to consider the morality of their actions. The non-aggression principle is not intended to be a one-size-fits-all solution, but rather a principle that allows individuals and governments to evaluate the consequences of their actions. In fact, Libertarians acknowledge that there are exceptions to this principle, such as self-defense and defense of others, which are essential for maintaining order and protecting individual rights.

Regarding the efficacy of private security forces, it is not necessarily a question of loyalty being bought with dollars. Private security companies, such as Blackwater and DynCorp, have been employed by governments in various capacities, often with more autonomy and flexibility than their government counterparts. These private forces have demonstrated their effectiveness in specific contexts, such as conflict zones, where their agility and adaptability can be invaluable. Moreover, private security companies often have a vested interest in providing high-quality services to their clients, which can lead to better accountability and more efficient use of resources.

Furthermore, the idea that private security forces are inherently unreliable is an oversimplification. Private security companies, just like government agencies, can be held accountable for their actions through market forces and competition. If a private security company fails to deliver, it will lose clients and reputation, ultimately leading to financial losses. In contrast, government agencies, with their monopoly on force, often have less incentive to improve their services and more opportunities for abuse of power.

It is also worth noting that private security forces can complement government agencies, rather than replace them. In many countries, private security companies work alongside government agencies to provide a more comprehensive security landscape. This collaboration can help to address the concerns about reliability and accountability, as private companies can provide specialized services, such as intelligence gathering and security training, while government agencies focus on broader law enforcement and crisis management.

Ultimately, the Libertarian approach to security and governance is not about rejecting the importance of government in society, but rather about creating a more nuanced and effective system that balances individual freedom with collective security. By acknowledging the complexities of real-world implications and considering the potential benefits of private security forces, it is possible to build a more robust and accountable system that respects individual rights while maintaining social order.","The concerns about the non-aggression principle and private security forces are valid, but perhaps they have been misunderstood or misapplied. The concept of non-aggression is not a blanket rule, but rather a guiding principle that can be adapted to different circumstances. In a free society, individuals and communities must be empowered to make their own decisions and take responsibility for their actions. This does not mean that there will never be conflicts or disputes, but rather that they will be resolved through voluntary agreements and mutual understanding, rather than through coercion or violence. Private security forces can indeed be a vital component of a community's defense, but they must be held accountable to the same standards as government forces. This can be achieved through transparency, public oversight, and community engagement. The idea that private security forces are solely motivated by profit is an oversimplification and a caricature. In reality, many private security companies are staffed by dedicated professionals who are committed to protecting their clients and communities. Moreover, private security forces can often respond more quickly and effectively to emerging threats than government agencies, which can be hamstrung by bureaucracy and red tape. The key to a successful Libertarian society is not to eliminate government entirely, but to ensure that it is limited in its scope and authority, and that individuals and communities have the freedom to make their own choices. By embracing this vision, Libertarians can create a more just and equitable society, where individuals are empowered to pursue their goals and live their lives as they see fit.","The notion that Libertarians are detached from reality is a misconception rooted in a misunderstanding of the party's principles. Libertarians are not idealists; they are pragmatists who recognize that the non-aggression principle must be tempered by the complexities of human nature. Just as medieval guilds and communal systems functioned within a framework of mutual cooperation and respect, Libertarians acknowledge that their principles must be adapted to the unique circumstances of each situation. Consider, for instance, the medieval town of Glastonbury, where communal defense was a collective responsibility shared among its residents. In such a scenario, the non-aggression principle would not be an absolute rule, but rather a guideline that takes into account the shared interests and collective well-being of the community.

Private security forces, too, are not inherently inferior to government forces. Historically, private security companies, such as the Yeomanry, played a significant role in medieval England, often providing more effective and personalized protection to towns and villages than the centralized authorities. While it is true that private security forces are motivated by financial gain, this does not necessarily mean they are unreliable or unfair. In fact, their economic incentive can lead to more efficient and responsive services, as they must cater to the specific needs of their clients. Furthermore, the idea that private security forces are solely motivated by profit overlooks the many instances where they have prioritized the greater good, often at personal risk.

Moreover, the Libertarian movement is not a monolith, and its members are not uniformly dismissive of real-world implications. In fact, many Libertarians are actively engaged in developing practical solutions to complex problems, such as the establishment of community-based defense systems and mutual aid networks. These initiatives demonstrate a willingness to adapt and refine their principles in response to the demands of reality, rather than abandoning them altogether. By acknowledging the historical precedents for community-based governance and private security, Libertarians can provide a more nuanced and realistic approach to addressing the challenges faced by modern society. Ultimately, the dismissal of Libertarianism as unrealistic or detached from reality overlooks the rich historical context and practical experiences that underpin its principles.","The assertion that Libertarians have no idea how their dogma would work in a real society seems to be based on an unrealistic expectation of theoretical perfection. In reality, political ideologies are complex and multifaceted, often requiring nuanced application to practical problems. The non-aggression principle, for instance, can be adapted to various contexts through the use of checks and balances, such as private arbitration services or community mediation centers. Moreover, the idea that private security forces are inherently unreliable is overstated, given that many companies employ professionals who adhere to a strict code of conduct and accountability. In some cases, private security may even be more effective than government forces in addressing specific issues, such as high-crime areas with little government presence. The notion that Libertarians fail to consider real-world implications in their ideals is also unfair, given the many practical solutions proposed by Libertarian thinkers and politicians over the years. It's possible that the online community on rLibertarian may not have been a representative sample of the broader movement. Additionally, considering the complex nature of governance and societal issues, it would be unrealistic to expect a single ideology or principle to provide all the answers.","The assertion that Libertarians lack insight into how their principles would function in practice assumes an unrealistic level of simplicity and uniformity in governance. In reality, politics involve trade-offs and compromises between competing interests, which can be accommodated within a Libertarian framework through mechanisms such as market-based solutions or participatory democracy. The non-aggression principle, for instance, can be adapted to situations where government intervention is necessary through the use of emergency powers or special commissions. Moreover, the idea that private security forces are inherently less reliable than government forces neglects the many examples of successful private security initiatives around the world, such as neighborhood watch programs or community policing efforts. Rather than dismissing Libertarian ideas as impractical or unrealistic, it's essential to engage with their underlying principles and explore ways in which they can be refined and applied in practice. Ultimately, the test of any ideology lies not in its theoretical appeal but in its capacity for practical implementation and adaptation to changing circumstances.","The criticism levied against Libertarians for having no idea how their dogma would work in reality overlooks the fundamental shift in perspective that such an ideology represents. The non-aggression principle, when applied correctly, has the potential to create a more just and equitable society by limiting government overreach and promoting individual autonomy. Rather than dismissing Libertarian ideas as impractical, it's essential to consider how they can be refined and improved upon through collective input and experimentation. The notion that private security forces are inherently inferior to government forces is also based on an outdated understanding of the role of private enterprise in public safety. In reality, many successful communities have implemented private security solutions that not only improve safety but also promote a sense of community ownership and responsibility. Furthermore, the idea that Libertarians are unwilling to engage with real-world implications is inaccurate, as they often propose pragmatic solutions to complex problems through policy initiatives and research."
t3_2lpmos,"Western visitors to Iran or North Korea who do anything that breaks laws deserve to end up in jail and their home governments should make it clear they won't support them. I sincerely doubt that anyone visiting Iran or North Korea is unaware of the strict enforcement that these countries mete out to foreigners attempting to demonstrate against or change an internal policy. They know full well what they're getting into. Bringing Christ's message to North Korea? Jail. Want to change Iran's policies concerning women attending sports events? Jail. People who do this are either naive fools or are religious fools. They bring potential harm to their home countries by providing a bargaining chip and advantage to the imprisoning governments. Western governments need to make it clear to travelers to these countries that if they intentionally break laws or provoke the ""system"" they'll face dire consequences with no assistance from their home government. edit: My CMV should have been this:
Western visitors to Iran and North Korea who knowingly provoke the regime should expect severe punishment and no assistance from their home government.","The emphasis on punishment as a deterrent overlooks the crucial role that dissenting voices play in shaping public opinion and galvanizing opposition to unjust regimes. By silencing these voices through imprisonment or abandonment, Western governments risk perpetuating the very systems they claim to reject. Furthermore, the notion that Western visitors should be aware of the risks involved ignores the reality that many people are unaware of the full extent of a country's laws and regulations until it is too late. This is particularly true for those visiting these countries for the first time or without proper guidance. The burden of knowledge and understanding should not solely rest on individual travelers but rather on their governments, which have a responsibility to provide accurate information and support to their citizens abroad. In fact, many Western governments already issue travel warnings and advice to their citizens visiting high-risk areas. Instead of focusing on punishment, these governments could emphasize the importance of responsible tourism, cultural sensitivity, and respect for local laws while also acknowledging the value of peaceful dissent and advocacy.","The idea that Western visitors who break laws in Iran or North Korea should expect severe punishment and no assistance from their home government assumes a level of agency and control that does not exist in reality. In many cases, travelers may be unaware of the specific laws they are breaking or the risks involved until it is too late. Moreover, even if they are aware, they may feel compelled to take action due to the urgent need for change or the moral imperative to speak out against injustice. By abandoning these individuals, Western governments would not only fail to provide support but also undermine the very principles of human rights and democracy that they claim to uphold. In reality, these travelers often serve as a reminder that there are those who care deeply about the welfare of others and are willing to risk everything to make a difference. Rather than punishing or abandoning them, Western governments should focus on creating safe spaces for advocacy and dissent while also working to build international coalitions to promote democratic values and challenge authoritarian regimes.","The notion that Western visitors who knowingly provoke the regime in Iran or North Korea deserve severe punishment and no assistance from their home government oversimplifies the complex dynamics at play. In reality, these countries' totalitarian systems often rely on foreign prisoners as leverage to embarrass and intimidate their adversaries. By abandoning them, Western governments would inadvertently empower the very regimes they seek to challenge. Furthermore, many travelers to these countries are not naive fools or religious zealots but rather courageous individuals who risk everything to highlight human rights abuses and promote democracy. Their actions may indeed be provocative, but they serve as a beacon of hope for those suffering under oppressive rule. The expectation that Western governments should abandon their citizens in such situations ignores the historical precedence of solidarity and mutual support between nations. In fact, it was often through international pressure and diplomatic efforts that these countries' regimes were forced to release prisoners and negotiate with foreign adversaries. By denying assistance to Western visitors who break laws, governments may inadvertently strengthen the hand of authoritarian leaders rather than weakening them.","The notion that Western visitors to Iran and North Korea who provoke the regime should expect severe punishment and no assistance from their home government oversimplifies the complexity of these situations. These travelers are not merely naive fools or troublemakers, but rather individuals driven by a sense of conviction, morality, or a desire to challenge the status quo. Their actions, although potentially perceived as provocative by the regime, are a fundamental expression of human agency and the pursuit of freedom. By labeling them as mere provocateurs, we risk overlooking the inherent value of their actions as a form of free expression and the importance of standing up for one's beliefs, even in the face of adversity.

Moreover, the idea that these travelers bring potential harm to their home countries by providing a bargaining chip to the imprisoning governments assumes a level of control and agency that is not necessarily present. In reality, the dynamics of international relations are far more complex, and the regime's actions are often driven by their own motivations and interests. Furthermore, the notion that Western governments should prioritize the potential risks of these travelers over the importance of standing up for their values and principles is a shortsighted approach to foreign policy.

It is also worth considering that the actions of these travelers can have a profound impact on the regime's international reputation and potentially lead to increased scrutiny and pressure for human rights and democracy. By providing support to these travelers, Western governments can send a strong message about the importance of human rights and the need for accountability in international relations. Ultimately, the approach of labeling these travelers as provocateurs and withholding support oversimplifies the complexity of these situations and neglects the inherent value of their actions as a form of free expression and a stand for human rights.","The notion that Western visitors to Iran or North Korea who knowingly provoke the regime should expect severe punishment and no assistance from their home government oversimplifies the complexities of human experience and cultural interactions. While it is true that these countries have strict laws and punishments, the actions of individuals who challenge authority cannot be reduced to a simple equation of naivety or foolishness. Historical examples, such as the Waldensians and Lollards, demonstrate that individuals often act out of a deep commitment to their beliefs and a desire to challenge unjust systems, even in the face of overwhelming odds. These medieval groups, for instance, risked their lives to spread their messages, and their actions were not driven by a desire to ""bring harm"" to their home countries, but rather to challenge the authority of the Church and promote their understanding of Christianity. Similarly, modern-day activists who challenge the regimes in Iran and North Korea may be motivated by a desire to promote democracy, human rights, and social justice. It is essential to recognize that these individuals are not pawns to be used by their home governments, but rather agents of change who are willing to take risks to promote their values. Moreover, by withholding support from these individuals, Western governments may inadvertently strengthen the hand of the very regimes they seek to challenge. This could lead to a chilling effect on free speech and activism, as individuals may become increasingly reluctant to speak out against injustice for fear of being abandoned by their governments. Furthermore, the idea that Western governments should abandon their citizens who challenge foreign regimes ignores the long history of solidarity and support that has characterized the relationship between Western democracies and their citizens abroad. In contrast, a more nuanced approach would involve recognizing the agency of these individuals and providing them with support and resources to promote their causes, while also engaging in diplomatic efforts to challenge the regimes themselves. By taking this approach, Western governments can promote human rights, democracy, and social justice without undermining the efforts of individuals who are willing to challenge unjust systems. Ultimately, a more compassionate and informed approach is needed to navigate the complex web of human experience and cultural interactions, rather than relying on simplistic notions of ""knowing the risks"" or ""provoking the regime.""","While maintaining good relations with authoritarian regimes may be a crucial aspect of international diplomacy, it is essential to consider the long-term implications of this approach. By dismissing the actions of Western visitors who break laws in Iran and North Korea as naively foolish or provocatively foolish, the author overlooks the complex factors that drive these individuals to take such risks. In many cases, these visitors are not merely seeking to provoke the regime, but rather to advocate for human rights, democracy, or peaceful change. By emphasizing the need for Western governments to maintain a pragmatic approach, the author may inadvertently perpetuate a culture of appeasement, where authoritarian regimes feel emboldened to continue their repressive practices with impunity.

Moreover, the author's focus on national security and realpolitik may lead them to underestimate the potential benefits of supporting and empowering human rights activists, dissidents, and pro-democracy movements. In many cases, these individuals and groups are the only voices of opposition to authoritarian rule, and their efforts can have a significant impact on the overall human rights situation within these countries. By withholding support from Western governments, the author may inadvertently undermine these efforts and create an environment where authoritarian regimes feel free to suppress any form of dissent. This approach may also have the unintended consequence of reinforcing the notion that Western governments condone or tolerate authoritarianism, rather than standing in solidarity with those who seek to promote democracy and human rights.

It is also worth noting that the author's emphasis on clear communication from Western governments to travelers regarding the consequences of breaking laws in these countries may actually serve to deter legitimate human rights advocates from traveling to these countries in the first place. By creating a culture of fear and self-censorship, the author may inadvertently silence the very voices that could help bring about positive change. Ultimately, a more nuanced approach that balances the need for pragmatism in international relations with a commitment to promoting human rights and democracy may be a more effective way to promote stability and security in the long run."
t3_xs6lnj,"If there were no animal protection laws, most mammal species would be extinct in the U.S.. Given the amount of guns in the U.S. and the lack of things to legally shoot and kill, I believe if we did away with laws preventing shooting animals in residentialurban areas, and hunting at certain times and only certain animals, deer would be extinct, rabbits would be extinct, foxes would be extinct, etc. If there were no laws to prevent shooting your gun in an urban, suburban, or rural area, people wouldn't just shoot anything, though. Shooting other people's property would have repercussions. But with no law to prevent shooting as many bears as you want, whenever you want, for example, people would hunt them to extinction in the U.S.","The notion that removing animal protection laws would lead to the extinction of many mammal species in the United States is a dramatic and alarmist scenario that fails to account for the complexities of human behavior and the intricacies of the human-wildlife relationship. In reality, most people value coexistence with wildlife and are not motivated by the desire to hunt to extinction. Furthermore, the existence of animal protection laws and hunting regulations is not solely based on the fear of extinction, but also on the recognition of the importance of balancing human and wildlife needs. By implementing regulations that promote sustainable hunting practices, we can ensure that wildlife populations remain healthy and robust while also allowing for controlled hunting and the economic benefits it provides.

Moreover, a more nuanced approach would recognize that human behavior is shaped by a multitude of factors, including education, cultural background, and personal experiences. In areas where hunting is an integral part of the local culture, for instance, removing regulations might actually promote a greater sense of respect and stewardship for wildlife, rather than reckless hunting. In fact, many communities have successfully implemented hunting programs that emphasize the importance of conservation and responsible hunting practices, demonstrating that humans are capable of balancing their needs with those of the wildlife.

Additionally, the assumption that people would shoot anything they want without laws to prevent it is an oversimplification of human nature. Most people are not driven by a desire to harm wildlife, but rather by a desire to provide for their families and communities. By engaging with wildlife and learning about the importance of conservation, individuals can develop a deeper appreciation for the natural world and a sense of responsibility to protect it. In contrast, simply removing regulations would likely lead to a breakdown in trust between humans and wildlife, as well as a lack of education and understanding about the importance of conservation.

Ultimately, the solution to promoting coexistence between humans and wildlife lies not in removing regulations, but in engaging people in meaningful ways, providing education and resources to promote responsible hunting and conservation practices, and fostering a deeper understanding of the importance of wildlife conservation. By taking a more nuanced and multifaceted approach, we can work towards a future where humans and wildlife thrive together, rather than resorting to drastic and ineffective measures like removing animal protection laws.","The notion that removing animal protection laws would lead to the extinction of most mammal species in the U.S. is based on a simplistic understanding of human-wildlife interactions. In reality, the relationship between human settlements and wildlife is far more complex than the dichotomy of ""protected"" vs. ""unprotected"" areas. For instance, human settlements often overlap with wildlife habitats, and the presence of animals in urban and suburban areas is a natural consequence of habitat fragmentation and human expansion. In many cases, animals are not merely passive victims of hunting but rather, they are actively adapting to their environments, finding ways to coexist with humans, and even benefiting from human presence.

Moreover, the idea that removing laws would lead to a free-for-all hunting spree is not supported by empirical evidence. In fact, most people who engage in hunting do so responsibly, adhering to local regulations and respecting the animals and their habitats. Moreover, many hunting practices, such as bear hunting, are often regulated by local authorities to ensure sustainable populations and prevent overhunting. It is also worth noting that the lack of laws would not necessarily lead to an increase in hunting, as many people may choose not to hunt due to personal or cultural reasons.

Furthermore, the geology and topography of the U.S. play a significant role in shaping human-wildlife interactions. Mountain ranges, forests, and waterways create corridors and barriers that affect animal migration patterns, habitat fragmentation, and human-wildlife conflicts. Removing laws would not address the underlying geographical factors that contribute to these conflicts, and it would likely lead to further environmental degradation and loss of biodiversity. A more effective approach would be to integrate animal protection laws with habitat preservation, education, and community involvement, recognizing the interconnectedness of ecosystems and the need for holistic conservation strategies.","While it is true that the removal of animal protection laws could lead to overhunting of certain mammal species in the United States, the consequences of such a policy would be far more catastrophic and far-reaching than the author suggests. A lack of regulation would not only threaten the populations of deer, rabbits, and foxes, but also have a ripple effect throughout entire ecosystems. For instance, the removal of apex predators such as bears, wolves, and mountain lions would lead to a surge in prey populations, resulting in overgrazing and degradation of habitats. This, in turn, would have devastating effects on plant species and other wildlife that depend on these ecosystems, ultimately threatening the very fabric of the ecosystem.

Moreover, the author's assertion that people would not shoot other people's property due to repercussions is overly optimistic. In reality, the absence of regulations would lead to a culture of impunity, where individuals would feel emboldened to hunt and kill wildlife with impunity, regardless of the consequences. The author's assumption that people would respect private property is also naive, as the removal of regulations would likely lead to a surge in poaching and wildlife trafficking, further exacerbating the problem.

Furthermore, the author's focus on mammal populations overlooks the many species that are not subject to hunting regulations, such as birds, reptiles, and amphibians. The removal of animal protection laws would put these species at even greater risk of extinction, as they would become easy prey for hunters and collectors. It is also worth noting that many indigenous communities rely on sustainable hunting practices as a means of subsistence, and the removal of regulations would undermine their ability to manage their own resources and practice their traditional ways of life.

In addition, the author's argument relies on a simplistic view of human behavior, assuming that individuals would hunt responsibly and only target specific species. However, human behavior is far more complex, and the removal of regulations would likely lead to a culture of reckless hunting, where individuals would target any species they deem desirable, regardless of the consequences. In conclusion, the removal of animal protection laws would have far-reaching and devastating consequences for ecosystems, wildlife, and human communities, and would ultimately undermine conservation efforts and exacerbate the extinction crisis.","A more nuanced view of human behavior is necessary when considering the impact of removing animal protection laws. While some individuals might engage in reckless hunting practices, many others would find alternative outlets for their passions and skills. For example, birdwatching and wildlife photography have become increasingly popular hobbies, providing opportunities for people to appreciate nature without contributing to species decline.

In addition, the idea that unrestricted hunting would lead to extinction neglects the role of environmental factors such as habitat loss, climate change, and disease in shaping population dynamics. These broader issues often pose far greater threats to mammal populations than hunting itself. By addressing these underlying challenges through conservation efforts and ecosystem management, it is possible to create a more sustainable future for wildlife.

The notion that humans would inevitably resort to destructive behavior without regulations overlooks the complex relationships between human communities, cultures, and environments. Many indigenous groups have long practiced subsistence hunting and gathering in harmony with their ecosystems, demonstrating that responsible resource use can coexist with thriving natural populations. By learning from these examples and adopting more holistic approaches to conservation, it is possible to create a future where wildlife thrives alongside human activity.","The argument for animal protection laws relies on a simplistic view of human decision-making, assuming that individuals would automatically engage in destructive behavior without regulations. However, this perspective neglects the importance of social norms, community values, and economic incentives in shaping human choices.

For instance, studies have shown that hunters who adopt sustainable practices often do so because they value the recreational experience, the thrill of the hunt, and the connection with nature. These motivations are not necessarily driven by a desire to harm animals but rather to participate in a tradition that respects and honors the natural world. Furthermore, many hunting communities already engage in self-regulation through organizations like the Boone and Crockett Club, which promote responsible hunting practices and conservation efforts.

In addition, removing regulations might actually increase support for wildlife conservation among hunters, as they would be able to contribute directly to species management and habitat preservation. This could lead to a more collaborative approach between hunters, conservationists, and policymakers, fostering a shared commitment to preserving biodiversity. By acknowledging the complexities of human decision-making and the diversity of motivations driving hunting practices, it is possible to create a more inclusive and effective framework for wildlife conservation.","The assertion that animal protection laws are necessary to prevent mammal species from becoming extinct in the U.S. relies on a flawed assumption about human behavior when faced with unrestricted hunting and shooting of wildlife. While it is true that some individuals might exploit the lack of regulations, it neglects the fact that many others would adopt more sustainable and responsible practices. For instance, some hunters already engage in selective culling to maintain healthy populations and ensure biodiversity, demonstrating that self-regulation can be an effective means of managing wildlife resources.

In addition, removing restrictions on hunting and shooting might actually lead to a decrease in poaching, as regulated hunting areas would become more appealing to those seeking to hunt legally. This shift could reduce pressure on endangered species, allowing conservation efforts to focus on preserving habitats and ecosystems rather than addressing the consequences of overhunting. Furthermore, education and outreach programs can help raise awareness among hunters about responsible wildlife management practices.

Moreover, some countries with relaxed hunting regulations have not seen a decline in mammal populations. In fact, countries like Sweden and Finland have successfully implemented policies that allow for sustainable hunting practices, resulting in healthy deer and moose populations. By adopting similar approaches, the U.S. could create an environment where responsible hunting contributes to conservation rather than extinction."
t3_a4r12g,"The pressure most teens and young adults place on themselves is too great! Public education should provide a class about expectation management, and acceptance of failure. Bare with me. I'm not the best at articulating ideas, and this topic is a bit of a two for one. I hope what I'm trying to say comes out clearly
For most teens and young adults, achievement has become so glorified that the very idea of failure is more terrifying than death. In my eyes, this creates a whole host of mental problems for all people effected. My proposed solution to this problem is to implement a course that the students are designed to fail, but afterwards are consoled and shown basic psychological coping mechanisms. The goal isn't to completely eliminate the fear of failure, but make it more manageable. TL;DR: Failure is part of life and not the end of the world. We should make sure young minds know that.","The proposal to implement a course designed to fail students may seem like a radical solution to alleviate pressure, but it risks exacerbating the very issue it aims to address. In the natural world, species that adapt to their environments through resilience and flexibility often thrive, whereas those that rely on artificial crutches to mitigate failure often become dependent and vulnerable. Similarly, humans who are taught to expect failure as a norm may become complacent and less motivated to push themselves beyond their perceived limits. Instead of teaching students to fail, it might be more beneficial to focus on cultivating intrinsic motivation and resilience through education that emphasizes the value of experimentation, critical thinking, and self-directed learning. By doing so, young minds can develop a growth mindset that allows them to navigate uncertainty and adversity without relying on a safety net. Moreover, a course focused on coping mechanisms may inadvertently create a culture of defeatism, where students become more concerned with managing their emotions than with striving for excellence. It is essential to recognize that failure is a natural part of the learning process, but it should not be romanticized or normalized. A more effective approach might be to encourage students to view failure as an opportunity for growth, rather than a source of shame or anxiety. This can be achieved by incorporating experiential learning experiences that allow students to take calculated risks and learn from their mistakes in a supportive and non-threatening environment. By doing so, young adults can develop a more nuanced understanding of failure and its role in the learning process, ultimately becoming more confident and self-assured individuals. Furthermore, this approach can help students cultivate a sense of purpose and meaning, as they learn to see value in the process of experimentation and exploration, rather than just the end result. By adopting this perspective, we can create a more robust and resilient generation of young adults who are better equipped to handle the challenges of an increasingly complex world.","While the idea of a course on expectation management and acceptance of failure may seem like a well-intentioned attempt to mitigate the pressures faced by modern youth, it is essential to consider the potential consequences of institutionalizing such an approach. By creating a class designed to teach students how to fail, educators may inadvertently undermine the value of hard work and perseverance, which are essential qualities for success in any field. Furthermore, such a course might be perceived as a safety net, encouraging students to adopt a ""just try, so what if I fail"" attitude, rather than genuinely striving for excellence. This approach may also create a culture of dependency on external coping mechanisms, rather than fostering the intrinsic resilience that comes from learning from one's mistakes.

Moreover, it is crucial to recognize that the pressures faced by modern youth are a complex issue that cannot be solved with a single solution. The emphasis on achievement and success is a product of a broader societal culture that values individualism and competition above all else. Rather than creating a course to manage expectations, educators should focus on teaching students critical thinking, problem-solving, and emotional intelligence skills that will enable them to navigate the challenges of an increasingly complex world.

Additionally, it is worth noting that the idea of failure being a necessary part of growth and learning is not a new concept. Many historical figures, from Thomas Edison to J.K. Rowling, have spoken about the importance of perseverance and learning from failure. Rather than creating a course to teach students how to fail, educators should emphasize the value of learning from failure and using it as a stepping stone for success. By doing so, students will develop the resilience and adaptability needed to thrive in an ever-changing world.","While the intention behind proposing a course on expectation management and acceptance of failure is to mitigate the negative consequences of an overly achievement-oriented culture, it is essential to consider the potential drawbacks of teaching students to expect failure as a norm. By designing a course where students are intentionally led to fail, it may inadvertently perpetuate a fixed mindset that failure is an inherent part of life, rather than a chance to learn and grow. This could lead to a culture of resignation, where students become accustomed to expecting failure and lose the drive to push themselves and strive for excellence. Furthermore, a course focused on coping with failure may inadvertently reinforce the very problem it seeks to address, by implying that failure is an inevitable and acceptable outcome.

Moreover, students at the high school level are still developing their sense of identity and self-concept, and may not be emotionally equipped to grapple with the idea that failure is a normal part of life. A more effective approach may be to emphasize a growth mindset, where students understand that failure is an opportunity to learn and improve, rather than an end in itself. This can be achieved through a more balanced approach that emphasizes both the importance of effort and persistence, as well as the value of taking calculated risks and learning from mistakes.

Additionally, the idea of a ""designed-to-fail"" course raises concerns about the potential for emotional distress and decreased motivation among students. Many students who struggle with the pressures of academic achievement may already be vulnerable to feelings of anxiety, self-doubt, and hopelessness. Intentionally exposing them to a course where they are led to fail may exacerbate these feelings, rather than providing a safe and supportive environment for growth and learning.

Ultimately, a more effective strategy for addressing the pressures faced by teenagers and young adults may be to focus on promoting a culture of resilience, self-awareness, and emotional intelligence, rather than encouraging students to accept failure as a norm. By doing so, students can develop the skills and strategies needed to navigate the challenges of high school and beyond, while also fostering a growth mindset that allows them to learn from their mistakes and strive for excellence.","The assumption that the pressure placed on teens and young adults is the primary cause of mental health problems overlooks the many other factors at play in contemporary society. For instance, social media has created a culture of comparison and competition, where individuals are constantly bombarded with curated images and stories that perpetuate unrealistic expectations. Rather than placing blame solely on public education, policymakers and educators might consider tackling these broader issues through initiatives that promote digital literacy, media literacy, and healthy online habits. Moreover, by framing the solution as a single course or program, the original proposal risks oversimplifying a complex problem that requires a multifaceted approach. A more comprehensive strategy would involve integrating mental health education into various subjects across the curriculum, fostering a culture of empathy and understanding among students and educators alike.","The proposal to implement a course on expectation management and acceptance of failure may seem like a sound solution, but it overlooks the complexities of human motivation and the role that achievement plays in fostering resilience. By reducing the pressure to achieve, the proposed course risks demotivating students who are already struggling to find meaning and purpose in their lives. Furthermore, the idea that failure is something to be managed rather than learned from may send a misguided message to young people about the value of perseverance and hard work. A more effective approach might focus on developing critical thinking skills and problem-solving strategies that enable students to navigate uncertainty and ambiguity with greater ease. By teaching students how to reframe their mindset around failure, educators can empower them to view setbacks as opportunities for growth rather than threats to their ego.","While the goal of making failure ""more manageable"" may seem laudable, it risks undermining the very notion of achievement itself. By downplaying the importance of success, educators may inadvertently convey to students that their efforts are ultimately futile or inconsequential. In a world where access to resources and opportunities is often limited, students who are already struggling to make ends meet may find the prospect of failure even more daunting than before. Rather than teaching students to accept failure as an inevitable part of life, educators might focus on providing them with realistic goals, achievable benchmarks, and a clear understanding of what it takes to succeed in various fields. By emphasizing the value of hard work and perseverance, educators can empower students to take ownership of their education and strive for excellence, even in the face of adversity."
t3_bpa6qs,"CMV Yeet is a stupid fucking word. Whomever came up with the word yeet needs to be throat punched. It's so cringey every time I hear some teenage idiot say it, even worse so when they are an adult. Just say throw, threw, or thrown like a normal person speaking English. Yeet, yeeted, yote(?) are all idiotic sayings akin to the morally inappropriate dancing style twerking and the cringe inducing fad of dabbing. Our society has seemingly over the last 5-10 years become a lowbrow debauchery. I am 24 myself, and the fact my own peers indulge in such behaviors leaves me with a bad taste in my mouth. When did having self respect and class become unpopular? What benefit is there to speaking in a way that makes others think you're unintelligent? To dancing in such a way to make others question your moral standards? To dabbing in general? Change my view.","The author's condemnation of the slang term ""yeet"" and its variants might stem from a misplaced concern about perceived coarsening of language and culture. However, it is essential to recognize that language is a dynamic and constantly evolving entity, shaped by the people who use it. The rise of slang terms like ""yeet"" is a reflection of the creativity and playfulness of modern language users, rather than a sign of moral decay or intellectual laziness. In fact, the creative use of language is a hallmark of vibrant, thriving communities, where people feel free to experiment with new words and expressions.

Moreover, the association of ""yeet"" with youth culture might be more a reflection of the author's own biases than an objective assessment of its merits. The fact that the author finds ""yeet"" ""cringey"" and ""idiotic"" suggests a lack of understanding or appreciation for the cultural context in which it is used. By dismissing slang terms like ""yeet,"" the author risks alienating themselves from the very audience they hope to engage with through their work. In the world of film and television, authenticity and relevance are key to captivating audiences, and a narrow, traditional approach to language might be a hindrance rather than a help.

Ultimately, the author's rejection of ""yeet"" and similar slang terms might be seen as a form of cultural gatekeeping, where certain individuals dictate what is acceptable and what is not. This approach can lead to a stifling of creativity and innovation, as people feel hesitant to express themselves in ways that might be deemed ""unacceptable"" by those in positions of authority. By embracing the diversity and complexity of modern language, the casting director and other creative professionals can tap into a rich wellspring of inspiration and creativity, leading to more nuanced and compelling performances that truly resonate with modern audiences.","The critique of ""yeet"" as a slang term stems from a narrow view of language as a static entity governed by rules of grammar and syntax. However, language is a living, breathing entity that evolves to reflect the cultural, social, and historical contexts in which it is used. The dismissal of ""yeet"" as a legitimate expression of language overlooks the ways in which slang serves as a tool for social identification and belonging. In many cases, slang terms like ""yeet"" are adopted as a way of signaling affiliation with particular subcultures or communities, and can be an important means of communication and self-expression.

Furthermore, the notion that ""yeet"" is inherently ""unintelligent"" or ""cringey"" relies on a problematic assumption that certain forms of language are inherently superior to others. This binary opposition between ""high"" and ""low"" culture has been a persistent feature of Western cultural critique, but it ignores the complex power dynamics at play in language use. The adoption of slang terms like ""yeet"" can be seen as a form of linguistic resistance to dominant forms of language, particularly in online spaces where marginalized communities come together to share and create cultural expressions.

Moreover, the concern that ""yeet"" is a ""cringey"" or ""lowbrow"" expression is a subjective evaluation that betrays a lack of understanding about the cultural context in which it is used. The examples of ""twerking"" and ""dabbing"" cited in the critique are also subject to this kind of critique, yet they have become mainstream expressions of cultural identity and creativity. It is essential to recognize that language is a product of its cultural and historical context, and that certain expressions may be perceived as ""lowbrow"" or ""unintelligent"" only because they originate from marginalized or subcultural communities.

Ultimately, the dismissal of ""yeet"" as a slang term perpetuates a narrow view of language as a means of communication that is divorced from its social and cultural context. By taking a more nuanced view of language as a tool of social expression, we can better understand the ways in which slang terms like ""yeet"" reflect and shape cultural identity and community.","The notion that ""yeet"" is inherently cringeworthy and indicative of a decline in societal standards overlooks the fundamental nature of language evolution. Colloquialisms like ""yeet"" arise as a natural response to the dynamic and ever-changing environment of modern communication. They serve as a means for individuals to express themselves in unique and creative ways, often as a way to bond with their peers and create a sense of community. In fact, language historians have long noted that the spread of colloquialisms often stems from the interactions between cultures, as seen in the influence of pidgins and creoles on global linguistic landscapes.

The Jesuit missionaries who once traveled the world spreading their linguistic influence understood this dynamic, adapting their language to the local cultures they encountered. By doing so, they facilitated a dialogue that allowed for the exchange of ideas and knowledge across cultures, ultimately enriching the world's linguistic heritage. Similarly, ""yeet"" has emerged as a product of online communities, where individuals from diverse backgrounds come together to share and create content. Its spread is a testament to the power of language to adapt and evolve in response to changing social contexts.

It's essential to recognize that ""yeet"" is not inherently tied to a lack of self-respect or class, but rather a creative expression that has taken on a life of its own. By dismissing ""yeet"" as cringeworthy or unintelligent, we risk overlooking the complexities of language evolution and the cultural exchange that underlies it. Furthermore, stigmatizing colloquialisms like ""yeet"" may have unintended consequences, driving them further underground and limiting the free exchange of ideas that occurs through language. In reality, language is a dynamic and ever-changing entity, and colloquialisms like ""yeet"" serve as a reflection of this evolution. Rather than condemning them as deviations from proper communication, we should strive to understand the social and cultural contexts in which they emerge.","The argument against ""yeet"" relies on a narrow definition of what constitutes proper English usage and fails to account for the nuances of language evolution. The proliferation of colloquialisms and slang in online communication is not unique to this particular word but reflects a broader trend toward linguistic diversity and creativity. Moreover, labeling certain words as ""idiotic"" or ""cringeworthy"" perpetuates a binary view of language that neglects the value of playful expression and social bonding in shaping cultural norms. Online communities have long recognized the importance of shared experiences and collective humor, using language in ways that are both creative and irreverent. By dismissing these expressions as ""lowbrow,"" we overlook the complexity of human interaction and the ways in which people negotiate meaning and value through their shared experiences. Rather than imposing a rigid standard of linguistic correctness, it's more productive to acknowledge the dynamic nature of language and the diverse contexts in which it is used.","The criticism of the word ""yeet"" stems from a misunderstanding of its origins and the social context in which it is used. The term, in fact, emerged as a playful internet meme that has become an integral part of online culture. Rather than viewing it as a sign of lowbrow debauchery, it's possible to see ""yeet"" as a creative expression of joy and excitement, much like the language and movements associated with other forms of internet-savvy communication, such as emojis and emojis-based dances. This type of language is not necessarily indicative of poor intelligence or moral standards but rather a reflection of the unique characteristics of online communities and their evolving modes of expression. Furthermore, attempts to suppress or shame certain words or behaviors can have an unintended effect of further marginalizing those who use them, leading to feelings of exclusion and resentment among young people. The criticism leveled against ""yeet"" ignores the complex dynamics at play in shaping language and cultural norms, particularly in a digital age where information is readily disseminated and new trends emerge rapidly. Instead of labeling certain expressions as cringeworthy or morally reprehensible, it's more productive to engage with the underlying values and attitudes that shape them.","The value placed on self-respect and class is deeply rooted in historical social hierarchies and has been used to marginalize groups deemed ""lowbrow"" or ""common."" The notion that certain words or behaviors are inherently cringeworthy or degrading says more about the biases of those who hold this view than it does about the people who use them. This form of elitism neglects the agency and creativity of individuals who participate in online communities, reducing their expressions to simplistic categories of ""good"" or ""bad."" Moreover, the assumption that using certain words or dances necessarily reflects a lack of self-respect ignores the complexity of human experience and the multiple contexts in which people interact. Some individuals may find joy and meaning in participating in these online cultures, even if they diverge from traditional norms of behavior. Rather than criticizing others for their language choices, it's essential to recognize that cultural values are inherently subjective and multifaceted, allowing for diverse expressions and interpretations."
t3_34r42c,"To post, or not to post one's struggles with mental illness on social media? I say not. I've been through the ringer these last few years in terms of my mental health. Depression, anxiety, suicide attempts, multiple hospitalizations, several medication and therapist changes - it's been rough. My immediate family and closest friends are extremely supportive, for which I am eternally grateful. But beyond that, no one else knows. (I don't mind saying these things on reddit because it's annonymous) But at work, I put on a cheerful fascade, and make no mentions of any of it on Facebook. I basically use social media to share funny stories, the occasional article, and lots of cat pics. Beyond that, I'm not comfortable sharing anything else. But is that the right thing to do? Sometimes I feel like I'm giving a false idea of who I am. I'm only showing the good times, when in fact, the bad times are far more frequent. I value honesty, but also privacy. Plus, talking about mental health problems makes some people uncomfortable, and they pull away. Others see it as attention-whoring. To be honest, that's how I feel sometimes when I see Facebook aquaintances frequently posting updates on their stuggles: (""I'm in the ER! "", ""Been on suicide watch all week"", ""Trying out new meds, hope they work! LOL"", ""I love my therapist, I can tell her everything""). Posts like these result either in lots of likes, or tons of messages of support - and to be honest, I do get a little jealous, and also insecure in my belief that I wouldn't get near that many responses. So is this really just an issue of personal choice? Obviously people can post whatever the fuck they want - although lots of people post things that maybe they shouldn't. But am I denying myself additional support by not posting? Am I being a click-baiting drama queen if I do post? Personally, I choose to keep these things private, but should I? TL;DR - it's right there in the title.","The argument against sharing struggles with mental illness on social media relies heavily on concerns about personal preference and potential negative reactions from others. However, this perspective neglects the transformative power of vulnerability in building stronger communities. By sharing their experiences, individuals can help normalize conversations around mental health, reduce stigma, and encourage empathy among their followers. Moreover, research has shown that publicly discussing struggles with mental illness can lead to increased support networks and improved well-being among those who share their stories. In this context, refraining from sharing such struggles on social media can be seen as a missed opportunity for growth, connection, and healing.","The notion that sharing mental health struggles on social media may elicit discomfort or skepticism from others overlooks the complexity of human relationships in the digital age. While it is true that some individuals might react negatively, many others will respond with understanding, support, and solidarity. Furthermore, social media platforms have become essential tools for mobilizing communities around social causes, including mental health advocacy. By sharing their stories, individuals can help create a more supportive environment for those who may be struggling in silence. In fact, studies have demonstrated that online support networks can be just as effective as in-person ones in providing emotional aid and reducing feelings of isolation.","The original argument is predicated on the idea that sharing mental health struggles on social media would require a level of vulnerability that feels uncomfortable or even attention-seeking. However, this perspective fails to consider the value of narrative control in online spaces. When individuals choose to share their stories, they are not beholden to others' opinions or reactions; rather, they have agency over how their experiences are presented and received. By sharing their struggles on social media, individuals can reclaim their narratives, challenge stigmatizing stereotypes, and assert their voices within the broader cultural conversation around mental health. This level of control and autonomy is essential for those who may feel marginalized, silenced, or invisible in other contexts.","The notion that individuals should keep their struggles with mental illness private may inadvertently perpetuate the very stigma and shame that mental health advocates have long sought to overcome. By concealing their mental health struggles, individuals may inadvertently create a false narrative of perfection, reinforcing societal expectations of emotional resilience and self-sufficiency. This can lead to feelings of isolation, as those who are struggling may feel that they are the only ones experiencing such difficulties. Furthermore, the expectation that individuals should maintain a ""cheerful facade"" online can have a profoundly negative impact on mental health, as it can create a sense of dissonance between the presented self and the actual self.

Moreover, the idea that sharing mental health struggles on social media is attention-seeking or click-baiting oversimplifies the complexities of online interactions and the ways in which individuals share their experiences. Mental health discussions can serve as a form of catharsis, allowing individuals to process their emotions and connect with others who have shared similar experiences. By sharing their struggles, individuals can help to normalize mental illness and reduce stigma, creating a more inclusive and supportive online environment. This can also foster a sense of community and understanding, as individuals can learn from one another's experiences and develop a more nuanced understanding of mental health.

It is also worth noting that the author's concerns about not receiving sufficient support for sharing their struggles may be misplaced. Research has shown that individuals who openly discuss their mental health struggles on social media often receive a significant amount of support and validation from their online communities. This can be particularly beneficial for individuals who may not have access to mental health resources or support systems in their offline lives. By sharing their experiences, individuals can tap into a vast network of support and understanding, which can be a powerful tool in managing mental health.

Ultimately, the decision to share mental health struggles on social media should not be viewed as a binary choice between authenticity and privacy. Rather, it should be recognized as a complex and context-dependent decision that requires careful consideration of individual circumstances and online environments. By acknowledging the complexities of online interactions and the ways in which individuals navigate their mental health, we can work towards creating a more inclusive and supportive digital landscape that values honesty and vulnerability.","While it's understandable that the author might feel apprehensive about sharing their mental health struggles on social media, it's essential to recognize that openness and honesty can have a profoundly positive impact on mental well-being and relationships. By sharing their experiences, individuals can create a sense of connection and community, which is particularly crucial for those struggling with mental health issues. This is evident in the numerous online forums, support groups, and social media communities dedicated to mental health, where individuals can find solace, empathy, and understanding. Moreover, sharing one's struggles can help to humanize mental illness, challenging the stigma that often surrounds it and encouraging others to be more open about their own experiences.

It's also worth noting that the notion of being a ""click-baiting drama queen"" or seeking attention is often an oversimplification of the complexities involved in sharing personal struggles online. Many individuals who share their mental health experiences on social media do so as a way to process their emotions, seek support, and raise awareness about mental illness. In fact, research has shown that sharing personal struggles can have a therapeutic effect, allowing individuals to gain perspective, develop coping strategies, and build resilience. Furthermore, the likes and messages of support that the author mentions can be a testament to the power of online communities in providing a sense of belonging and connection, which is essential for mental well-being.

Rather than viewing sharing mental health struggles as a form of self-promotion or attention-seeking, it's more productive to consider it as a form of storytelling that can foster empathy and understanding. By sharing their experiences, individuals can help to break down the stigma surrounding mental illness, create a more supportive and inclusive online environment, and encourage others to be more open about their own struggles. In doing so, they can also challenge the notion that mental health issues are something to be hidden or ashamed of, and promote a culture of acceptance and understanding. Ultimately, the benefits of sharing mental health struggles online far outweigh the potential risks, and can have a profoundly positive impact on both the individual and the broader community.","While the decision to share struggles with mental illness on social media is a personal choice, it is essential to consider the broader implications of such sharing. By keeping mental health issues private, individuals may inadvertently create a barrier to potential support systems. In many cases, people who struggle with mental illness are not immediately recognizable as such. They may appear to be functioning members of society, hiding their struggles beneath a mask of normalcy. This can lead to feelings of isolation and disconnection, even among those who are ostensibly close. By sharing their experiences, individuals can help break down stigmas and create a sense of community around mental health. Moreover, the internet has made it easier than ever to find and connect with others who share similar experiences. Online forums, support groups, and social media platforms can provide a safe space for people to share their struggles and connect with others who understand. Furthermore, sharing mental health struggles can also help raise awareness and promote education, reducing the stigma associated with mental illness. In this sense, the decision to share or not to share is not simply a matter of personal choice but also a choice about contributing to a broader cultural conversation. While some may view posting about mental health as attention-seeking or click-baiting, it is more likely that individuals are seeking connection, understanding, and support. By choosing to share their experiences, individuals can help create a more empathetic and supportive environment, where mental health is valued and prioritized. Ultimately, the decision to share or not to share should be guided by a careful consideration of the potential benefits and consequences, rather than assumptions about the motivations of others."
t3_pdn093,"Gender fluidity should not be celebrated By definition- Mental illness, also called mental health disorders, refers to a wide range of mental health conditions  disorders that affect your mood, thinking and behavior. Individuals having issues with gender identity or being gender fluid does not have a sense of reality. They are denying science and biology. A trans woman should not be able to participate in women's sports as they genetically still have an advantage over actual women. People will say Laurel Hubbard is an example that there is no advantage because she didn't do well in the Olympics. However, if you took any NBA player and they decided to play in the WNBA instead, they will still be at an advantage over any of the women. If people are okay with trans women joining in women's sports, then collectively they should be okay with Co-ed events instead of a men's and women's division. To allow for someone to change gender identity whenever they feel is absurd. For example, a man should not be able identify as a female and decide to use a women's locker room. To deem improper use of pronouns as hate speech when society has allowed for profanity throughout history and currently is madness. Gender identity in a way contradicts support for gaylesbians community. The woke crowd and cancel culture has become out of control and has made discussion about these things off limits. I believe that people can have gender dysphoria. However, they should be helped just like anyone with a DSM instead of allowing for people to claim gender identity especially those that do it at such a young age when they have not even began to understand sex, gender, andor orientation. Change my view.","It is understandable that concerns about fairness in sports and the potential advantages of trans women may have led some to question the inclusion of trans athletes in women's competitions. However, a closer examination of the science reveals that the presence of testosterone in the body is the primary factor that gives trans women an advantage, not their biological sex. Studies have shown that trans women who have undergone hormone therapy and have reduced their testosterone levels to within the normal female range can compete fairly and safely alongside cisgender women. Furthermore, many professional sports organizations, including the International Olympic Committee, have established guidelines for trans athletes that take into account their hormone levels and performance capabilities.

The idea that allowing trans women to participate in women's sports will lead to co-ed events is an unfounded fear, as many sports already have mixed divisions and competitions. In fact, mixed martial arts, for instance, has long included both male and female competitors. The notion that a person's gender identity is a fixed and unchangeable aspect of their biology is a misconception. Gender identity is a complex and multifaceted concept that cannot be reduced to a simple binary of male or female.

The argument that someone who identifies as female should not be allowed to use the women's locker room is a misapplication of the concept of bodily autonomy. Bodily autonomy is the right to make choices about one's own body, including how it is perceived and treated. Restricting access to locker rooms based on someone's gender identity is a form of stigmatization and marginalization that can cause further harm to individuals who are already vulnerable.

The comparison to profanity is misplaced, as the use of proper pronouns is not a form of expression, but rather a basic aspect of human dignity and respect. The idea that discussing issues surrounding gender identity has become ""off-limits"" is a symptom of a broader societal problem, namely the erosion of civil discourse and the silencing of marginalized voices. The medical community has a responsibility to provide care and support to individuals experiencing gender dysphoria, not to pathologize or shame them.

In fact, many medical professionals, including those in the field of oncology, have come to recognize the importance of providing care that is inclusive and affirming of a person's gender identity. This approach has been shown to improve health outcomes and reduce mental health disparities among transgender individuals. By providing care that is grounded in the latest scientific understanding of gender identity, we can work towards creating a more just and equitable society for all.","The concept of gender fluidity, though initially jarring for some, is an essential aspect of human experience that can enrich the world of entertainment. The idea that individuals can identify with a gender that may differ from their biological sex is not about denying science or biology, but rather about acknowledging the complexity of human identity. By embracing this complexity, the entertainment industry can tap into a broader range of perspectives, creating more nuanced and relatable characters that resonate with audiences. This inclusivity can also lead to more diverse casting choices, resulting in a more authentic representation of the world we live in.

Furthermore, the argument that trans women have an unfair advantage in women's sports is a narrow and misguided concern. In reality, the majority of trans women are already excluded from competing in elite-level sports due to the rigorous eligibility requirements and regulations put in place by governing bodies. Those who do choose to compete are often scrutinized and marginalized, facing intense media attention and public scrutiny. It is not about ""leveling the playing field"" but rather about allowing individuals to participate and express themselves without fear of persecution.

In the context of locker rooms and public facilities, it is essential to acknowledge that the vast majority of trans individuals have reported feeling anxious or uncomfortable using facilities that align with their gender identity. This is not about ""improper use"" but rather about creating a safe and inclusive environment for everyone. Education and awareness can go a long way in resolving these issues, rather than resorting to restrictive policies that perpetuate stigma and marginalization.

It is also crucial to recognize that the concept of gender identity is not a threat to the LGBTQ community, but rather a vital aspect of their experience and struggle for recognition. In fact, many trans individuals have reported feeling a deep sense of belonging and acceptance within the LGBTQ community, which has provided them with the courage to be themselves. By embracing this aspect of their identity, we can foster a more inclusive and supportive community that values diversity and promotes acceptance.

Ultimately, the entertainment industry has a unique opportunity to showcase the complexity and richness of human experience, and gender fluidity is an integral part of this narrative. By embracing this diversity, we can create more compelling and authentic stories that resonate with audiences from all walks of life.","The notion that individuals experiencing gender dysphoria are ""denying science and biology"" is a gross oversimplification of the complex interplay between genetics, environment, and brain development that shapes human identity. In astronomy, we have come to understand that celestial bodies often defy categorization, existing on a spectrum of characteristics rather than falling neatly into binary oppositions. Similarly, human brains are complex and multifaceted, and the experience of gender is no exception. Research has shown that brain structure and function can vary significantly across individuals, regardless of biological sex assigned at birth, and that these variations can contribute to the development of gender dysphoria.

The idea that trans women have a genetic advantage over cis women in sports is a misconception. While it is true that some individuals may possess physical characteristics that provide an advantage in certain contexts, this does not negate the importance of recognizing and respecting individuals' gender identities. In fact, excluding trans women from women's sports would be a form of ableism, denying them the opportunity to participate and compete alongside their peers. Moreover, the notion that trans women should be excluded from women's sports because they are not biologically ""female"" is a form of essentialism, ignoring the complex interplay between biology, culture, and identity that shapes human experience.

The example of Laurel Hubbard is often cited as evidence that trans women do not have an advantage in sports, but this ignores the fact that she was an experienced weightlifter before her transition and had spent years developing her strength and technique. In contrast, a male athlete switching to the WNBA would indeed possess a physical advantage, but this does not mean that trans women should be excluded from women's sports. Rather, it highlights the need for more nuanced and inclusive approaches to sports participation, acknowledging the diversity of human experience and the complexities of identity.

The author's assertion that allowing individuals to change their gender identity is ""absurd"" ignores the reality of human experience. Many people experience gender dysphoria as a result of a mismatch between their assigned sex and their internal sense of self, and the ability to transition and live authentically is essential for their well-being and happiness. Furthermore, the idea that using a person's preferred pronouns is ""improper"" or a form of ""hate speech"" is a misinterpretation of the importance of language and respect in building inclusive and supportive communities.

Ultimately, the scientific consensus is clear: gender dysphoria is a valid mental health condition that requires understanding, acceptance, and support. The vast majority of medical and psychological organizations recognize the importance of affirming individuals' gender identities and providing them with the necessary care and resources to thrive. By ignoring this evidence and perpetuating misinformation, we risk exacerbating the already high rates of mental health issues and suicide attempts among trans individuals. As a society, we must do better to promote understanding, empathy, and inclusivity, rather than perpetuating binary oppositions and essentialism.","The argument that gender fluidity should not be celebrated because it is a mental illness or denying science and biology overlooks the complexity of human experience. Reducing individuals who identify as non-binary or trans to mental illness or denial of biological reality dismisses the profound impact of societal expectations, cultural norms, and personal identity on an individual's sense of self. The concept of gender is not fixed and has been socially constructed throughout history. The idea that a person's genetic makeup determines their sex, while their feelings and experiences define their gender, is an oversimplification. Furthermore, the notion that trans women have an advantage in women's sports ignores the fact that many trans athletes face significant barriers to participation due to discriminatory policies and lack of access to resources. In reality, inclusion and support for trans individuals have been shown to improve mental health outcomes, reduce stigma, and foster a more inclusive environment.","The claim that allowing trans women in women's sports is absurd because they would still have an advantage over cisgender women assumes that the presence of one or two high-performing athletes from a marginalized group somehow negates the experiences and abilities of the many. This logic fails to consider the ways in which systemic inequality affects access to training, resources, and opportunities for trans individuals. The example of Laurel Hubbard not performing well in the Olympics is often cited as evidence that trans women do not have an advantage, but it ignores the fact that she faced intense media scrutiny and pressure to perform. In reality, studies have shown that inclusion of trans athletes does not compromise the integrity or competitiveness of women's sports. Furthermore, this argument neglects the importance of promoting diversity, equity, and inclusion in all areas of life.","The suggestion that allowing individuals to change their gender identity is absurd because it would undermine the concept of women's spaces ignores the complexities of power dynamics and access. Women's spaces are not solely defined by biological sex but also by social constructs, cultural norms, and historical contexts. Forcing individuals who identify as trans or non-binary into male-only spaces can exacerbate feelings of exclusion and marginalization. In reality, many inclusive environments and organizations have successfully implemented policies that respect the identities and needs of all individuals, regardless of their gender identity. This is not about creating a ""co-ed"" environment but rather acknowledging the diversity of human experience and promoting a culture of empathy, understanding, and respect."
t3_bag1tp,"the universe was created by a higher power. First I want to say that Im a very logical person and I think science is amazing. I also dont attribute fantastic human feats to miracles or aliens. When it comes to beliefs I would say Im an agnostic Diest. It just makes sense to me that something made the Big Bang happen, the Earth formed, dinosaurs existed, and then humans evolved. And the agnosticism in me is just my willingness to say that I dont actually know for sure what happened. And will probably never know. Ive thought about this stuff a lot over the course of my life, but I just recently started to think about it again. And Im now wondering if maybe (if we were indeed made by a higher power) we cant find any signs of intelligent life besides us because the entire universe was made with the knowledge that we would eventually outgrow earth and have to move to the stars. Im curious as to what others think of this theory. And Im willing to have my mind changed if someone can present to me facts about our ability to detect life that are unknown to me.","The idea that the universe was created by a higher power raises several concerns that, from a practical and empirical perspective, cannot be ignored. Firstly, the notion that the universe was designed with a specific purpose, such as humanity's eventual migration to the stars, oversimplifies the complexities of evolution and the vastness of the cosmos. It is unlikely that a creator would intentionally engineer the universe in such a way that intelligent life would only arise on a single planet, with all other planets and celestial bodies being devoid of life. Moreover, the sheer scale and diversity of the universe, with its billions of galaxies and countless planetary systems, defies the notion of a singular, deliberate design. Furthermore, the concept of a higher power creating the universe raises more questions than it answers, such as what lies beyond the universe's boundaries, and what drove the creation of the cosmos in the first place. The idea of a higher power also challenges the notion of free will and the complexity of human decision-making, as it suggests that our choices and actions are predetermined by a higher authority. Additionally, the argument that we might not find signs of intelligent life elsewhere due to the universe being designed for humanity's eventual migration to the stars is based on a speculative assumption, rather than empirical evidence. The lack of concrete proof supporting this hypothesis makes it difficult to consider it as a viable explanation for the origins of the universe. In contrast, the scientific method has consistently provided evidence for the Big Bang theory and the laws of physics that govern our universe's evolution, making it a more plausible explanation for the emergence of intelligent life on Earth. The burden of proof lies with those proposing the higher power hypothesis, and until concrete evidence is presented, it remains a speculative idea.","The notion that the universe's design suggests a higher power is an intriguing idea, but it is essential to consider alternative explanations that do not rely on supernatural entities. The concept of emergence, for instance, proposes that complex systems can arise from the interactions of simpler components, without requiring a guiding hand. In the universe, the intricate dance of particles, forces, and energies has given rise to the complexity we observe. This emergent process can account for the diversity and beauty of the universe, without invoking a higher power.

Furthermore, the argument relies heavily on the assumption that the universe's complexity is evidence of a deliberate design. However, complexity can also arise from random chance and the accumulation of small, incremental changes over vast periods. The universe's vastness and age provide ample time for natural processes to shape its evolution, making it possible for complex systems to emerge without the need for a guiding force.

Moreover, the universe's apparent order and harmony can be seen as a product of natural laws, which govern the behavior of particles and forces. The laws of physics, for example, describe the behavior of matter and energy with remarkable precision, without requiring a higher power to intervene. The universe's complexity can be understood as a consequence of these laws, rather than a sign of a deliberate design.

The notion that the universe was created with the knowledge that humans would eventually outgrow Earth and move to the stars is an interesting hypothesis, but it is essential to consider the implications of this idea. If true, it would suggest that the universe's design is tailored specifically for human existence, which raises more questions than it answers. Why would a higher power create a universe with such an intricate and complex design, only to have humans eventually move on to other stars? A more parsimonious explanation is that the universe's complexity arose from natural processes, without a deliberate intent to create intelligent life.

Ultimately, the argument that the universe's design implies a higher power relies on a leap of faith, which may not be necessary. By examining the universe through the lens of natural laws and processes, we can gain a deeper understanding of its complexity and beauty, without requiring a supernatural explanation.","While the idea that the universe was created by a higher power offers an intriguing explanation for the complexity and design observed in the cosmos, it also raises important questions about the nature of human existence and our place within it. By positing that the universe was created with the knowledge of human evolution and eventual technological advancement, you introduce a profound paradox: if a higher power is guiding our development, do we truly possess agency and free will? Or are we simply following a predetermined course, with our choices and actions mere stepping stones in a larger, preordained narrative? This raises concerns about the implications of such a belief system on our understanding of social justice and equality, as it may lead to the assumption that those who are more successful or privileged are simply fulfilling their predetermined roles. Furthermore, if we attribute our achievements to a higher power, do we not risk diminishing the accomplishments of individuals and communities who have struggled against adversity to achieve their goals? The notion that our universe was designed with the intention of humans moving beyond Earth to the stars also implies a value system that prioritizes expansion and progress over the needs and well-being of the present. This perspective may lead to a devaluation of the environment, the present moment, and the experiences of those who are not fortunate enough to be part of the ""chosen"" species. Moreover, the idea of a higher power influencing human evolution raises questions about the role of genetics, disease, and disability in shaping human experience. Do those who are born with physical or mental disabilities somehow fall short of the design specifications of a higher power, or are they part of a larger, more nuanced plan? By examining the cultural and social implications of this belief system, we can gain a deeper understanding of the ways in which our assumptions about the universe shape our understanding of ourselves and the world around us.","A critical examination of the argument for a higher power-created universe reveals several logical inconsistencies. One key issue is the problem of ""fine-tuning,"" which suggests that certain physical constants in our universe are so finely tuned as to make life possible. However, this problem can be addressed through alternative explanations, such as the multiverse hypothesis or the concept of cosmological natural selection. These theories propose that our universe's properties are not unique and may have arisen through random processes within a broader cosmic context. Moreover, even if one were to accept the idea of a higher power creating the universe, it is unclear why this entity would have chosen to create a reality with such an immense amount of suffering and hardship for its inhabitants. The presence of natural disasters, disease, and violence throughout human history raises questions about the nature of this supposed creator's benevolence or wisdom. Ultimately, the existence of these problems undermines the idea that our universe was designed for humanity's benefit, casting doubt on the entire hypothesis.","The assumption that the universe was created by a higher power due to its complexity and organization raises concerns about the burden of proof. Proponents of this view often rely on unverifiable assertions, which can lead to an infinite regress of causes. The existence of complex systems in nature does not necessarily imply intentional design or creation. Many natural phenomena exhibit intricate patterns without requiring a supernatural explanation. The Big Bang theory, for instance, can be explained through the laws of physics and cosmology without invoking divine intervention. Furthermore, the vastness and diversity of the universe suggest that its evolution was shaped by numerous random events and interactions rather than deliberate planning. While it is true that humans have achieved remarkable feats through technology and science, these accomplishments do not necessarily validate the existence of a creator deity. Instead, they can be attributed to human ingenuity, curiosity, and collaboration. A more parsimonious explanation for the universe's complexity lies in its inherent properties and processes, rather than an external, unproven entity.","The concept of a higher power creating the universe as a means to facilitate humanity's eventual space exploration is problematic on several fronts. This idea relies on an assumption that our existence is privileged or unique within the cosmos. However, this perspective neglects the possibility of alternative forms of life existing elsewhere in the universe. The search for extraterrestrial intelligence (SETI) and the discovery of exoplanets have significantly expanded our understanding of the universe's potential for hosting life. Moreover, even if humanity were to migrate to other planets, it is unlikely that a higher power would have created the universe specifically with this goal in mind. This scenario implies a level of foresight and intentionality on the part of the creator that is difficult to reconcile with our current understanding of cosmic evolution. Furthermore, the complexity of human civilization's development cannot be attributed solely to divine planning; instead, it arises from the interactions between numerous factors, including environmental pressures, cultural exchange, and technological innovation."
t3_17dkkpk,"It should be legal to scamhack scammers using ANY means Ive been watching Jim Browning and other similar YouTubers for awhile, I realized that the amount of scammers would drastically reduce if there are more people like them. However, its pretty illegal to do that, but what if it wasnt? To make this CMV more interesting, well assume that the hackers know, without a doubt, that their target is 100 a scammer. Wouldnt the amount of scammers, mostly amateurlow-skilled, decrease. Imagine the psychological effect we can have on them, the hunter (scammer) could turn into prey at any moment. I understand some individuals might get themselves hacked or scam as they overestimate their abilities - its a risk Im willing to take. I havent done much, if any research, so this isnt the best CMV but I like to see opinions on this. Thanks!","The argument that the psychological effect of making scammers prey at any moment would be a significant deterrent overlooks the complexities of human psychology. While some individuals may indeed be intimidated by the possibility of being hackedscammed, others may simply become more cautious and use countermeasures to avoid detection. Moreover, relying on fear as a primary motivator can lead to an environment where people become increasingly paranoid and mistrustful, rather than working together to create a safer online community. It's also essential to consider the role of regulatory bodies and law enforcement agencies in addressing scams; these institutions have the capacity to gather intelligence, track down scammers, and disrupt their operations without resorting to vigilantism or hacking.","The idea that it should be legal to scamhack scammers using any means may seem appealing, but it overlooks the slippery slope this would create. If allowing vigilantism against one group of individuals becomes acceptable, it sets a precedent for similar actions against other groups deemed ""undesirable"" or ""deserving."" This could lead to a culture where people take the law into their own hands, rather than relying on established institutions and systems designed to protect everyone's rights. The argument also relies heavily on the assumption that scammers are somehow inherently different from legitimate individuals who may be duped by scams. However, both groups can be equally vulnerable to exploitation, and it's essential to focus on education and awareness campaigns to prevent such situations rather than resorting to hacking or scamming.","The notion that making it legal to hackscam scammers would significantly reduce their numbers is based on a simplistic understanding of human behavior. It ignores the fact that many individuals who engage in scams do so due to desperation, coercion, or manipulation by others. Addressing these underlying factors requires a more comprehensive approach than simply allowing people to take revenge on those they deem guilty. Furthermore, the idea of ""amateur"" scammers being deterred by the prospect of being hackedscammed may not be supported by evidence; in fact, many scams are orchestrated by sophisticated groups or individuals who would likely adapt to new tactics rather than being intimidated by them. It's also worth noting that hacking and scamming can have unintended consequences, such as causing harm to innocent bystanders or damaging people's financial stability.","The notion that legalizing hacking as a means to combat scammers might seem appealing, but it is a misguided approach that could have far-reaching and unintended consequences. Firstly, it would undermine the principles of the rule of law, which are essential for maintaining social order and protecting individual rights. If individuals feel empowered to take the law into their own hands, it could lead to a culture of cyber vigilantism, where anyone, regardless of their intentions or expertise, could engage in hacking and potentially cause harm to innocent parties. This could result in a loss of trust in the digital infrastructure and a heightened sense of anxiety among users, as they would never know who might be lurking in the shadows, waiting to strike.

Moreover, the assumption that ""low-skilled"" scammers would be deterred by the possibility of being hacked is overly simplistic. In reality, scammers often operate in complex networks and employ sophisticated tactics to evade detection. If hacking were to become a viable means of combating scams, it could drive scammers to adapt and become even more sophisticated, making them more difficult to catch and more effective at evading law enforcement. This could lead to a cat-and-mouse game where the scammers continually update their tactics, making it increasingly difficult for legitimate actors to stay ahead of the curve.

Furthermore, promoting hacking as a means to combat scams sends a damaging message to the general public. It suggests that the solution to online security issues lies in vigilantism rather than in robust security measures, education, and cooperation between law enforcement and the tech industry. This could lead to a lack of investment in effective security solutions and a decrease in public awareness about online safety best practices. In contrast, a more nuanced approach would focus on developing and deploying effective security technologies, improving user education, and working collaboratively with law enforcement to bring scammers to justice.

Lastly, the scenario presented assumes that it is always possible to identify scammers with certainty, which is a tall order, even for experienced professionals. In reality, distinguishing between legitimate and malicious actors can be a challenging task, especially in complex online environments. If hacking were to become a means to combat scams, it could lead to a situation where innocent individuals are mistakenly targeted, their personal and financial information compromised, and their trust in online transactions eroded. This could have severe consequences for individuals, businesses, and the broader digital economy.","The proposal to make it legal to scamhack scammers might seem like a means to an end, but it poses significant risks to the very fabric of our society. The moral gray areas it creates can have far-reaching consequences, making it difficult for law enforcement and regulators to differentiate between legitimate and illegitimate hacking activities. A culture that condones vigilantism can lead to an escalation of violence and retaliation, not only between scammers and hackers but also against innocent individuals who might be mistakenly targeted. Furthermore, this approach undermines the trust between consumers and businesses, as people may feel that their personal and financial information is not secure.

The idea that the number of scammers would drastically reduce if there are more people like Jim Browning is overly optimistic, as it overlooks the fact that scammers are a constantly evolving entity, adapting to new techniques and countermeasures. It's unlikely that a single individual or a small group can single-handedly create a significant dent in the vast and ever-changing landscape of cybercrime. Moreover, the psychological effect on scammers, as suggested by the proposal, is a misguided assumption. The ""hunter turning into prey"" narrative creates a simplistic view of human behavior, ignoring the complexities of motivations, emotions, and circumstances that drive individuals to engage in scamming activities.

The notion that some individuals might get themselves hacked or scammed due to overestimating their abilities is a valid concern, but it's not a compelling reason to condone illegal activities. In fact, it highlights the need for education and awareness programs that teach people about the risks of cybercrime and the importance of cybersecurity. By investing in these initiatives, we can create a safer and more informed public, reducing the demand for scamming services and the number of individuals who engage in them.

The casting director notes that the author's proposal lacks a thorough understanding of the human psyche and the complexities of performance. Actors, like scammers, are driven by various motivations, including financial gain, thrill-seeking, and a desire for power. By condoning or promoting hacking and scamming, we create a scenario where actors may be asked to portray characters that engage in activities that are morally reprehensible, leading to a blurring of the lines between reality and fiction. This can have severe consequences, not only for the actors but also for the audience, who may be desensitized to the harm caused by these activities.","While the idea of using hacking as a means to deter scammers may seem appealing, it is a slippery slope that could have far-reaching and unintended consequences. By making it legal to scamhack scammers, we would be creating a gray area that could lead to vigilantism and a breakdown in the rule of law. The notion that scammers would decrease in number if hacking them were allowed is an assumption that lacks empirical evidence and may not account for the adaptability and resilience of scammers. In fact, history has shown that scammers often evolve and adapt to new technologies and countermeasures, making it a cat-and-mouse game that could escalate into a cyberwar.

Furthermore, allowing hacking as a means to combat scammers would undermine the principles of justice and the importance of upholding the law. By condoning hacking, we would be normalizing a behavior that could be used against innocent individuals, and creating a culture of retaliation. The public's perception of cybersecurity would also be negatively impacted, as people may become more fearful of online interactions and less likely to engage in legitimate online activities. It's essential to focus on education and awareness campaigns to prevent people from becoming scammers in the first place, rather than resorting to punitive measures that could have unintended consequences.

Moreover, the proposal to make it legal to hack scammers raises questions about accountability and oversight. Who would be responsible for ensuring that hacking is used only against genuine scammers, and not against innocent individuals or organizations? How would we prevent abuse of this new ""right"" to hack scammers? The lack of clear guidelines and regulations would create a power vacuum that could be exploited by malicious actors, leading to more harm than good.

The scientific community, including astronomers, has a long history of promoting objective truth and evidence-based research. By advocating for collaboration between law enforcement and cybersecurity experts, we can develop effective strategies to combat scams that are grounded in evidence and respect for the law. This approach may take more time and effort, but it is a more sustainable and equitable way to address the issue of scams, rather than resorting to vigilantism and hacking."
t3_8o0szc,"The EU should abolish intensive animal farming by 2030  There is a growing consensus, in ethics and in the general population, 
that factory farmed meat is highly problematic (for various reasons, 
some related directly to animals, others to humans and the environment).  However, people still consume, in the main, such meat. There is a gap 
between what people have reason to believe and how they act.  Currently, we ""privatize"" this problem and hope for consumerism to 
solve it, while what is needed is structural, political change.  It is a political task to ban goods that are harmful to the community.  The way we farm in Europe is mostly driven by the EU's Common 
Agricultural Policy (CAP).  Hence, the EU should work to abolish factory farming, just as it is 
banning plastic waste.","The European Union's decision to abolish intensive animal farming by 2030 would have far-reaching consequences, not just for the agricultural sector, but also for the creative industries that depend on it. As a casting director, the importance of preserving cultural heritage and diversity in film and television productions cannot be overstated. European cuisine, for instance, is a significant aspect of many of these productions, and the variety of traditional dishes that rely on meat from intensive farming practices would be severely impacted. The sudden loss of these traditional practices would not only lead to a lack of authenticity in storytelling but also result in a homogenization of European culture, as local specialties and customs are replaced by generic, mass-produced alternatives.

Moreover, the economic impact on rural communities would be significant, and many of these areas rely on intensive animal farming as a primary source of income. A sudden shift away from this practice would lead to economic hardship and potential displacement of rural residents, exacerbating the already pressing issue of rural-urban migration. Instead of abolition, the EU could consider implementing more targeted measures to improve animal welfare and reduce the environmental impact of intensive farming practices, such as stricter regulations, subsidies for sustainable farming methods, and education programs for farmers.

Additionally, there are alternative methods of storytelling that do not necessarily require the preservation of traditional farming practices. For instance, fictional narratives can be created that focus on sustainable and regenerative farming practices, showcasing the benefits of these approaches to a wider audience. This could not only provide a more nuanced portrayal of European life but also inspire change and innovation within the agricultural sector. Ultimately, a more balanced approach that takes into account the complexities of cultural identity, economic realities, and the need for environmental sustainability would be more effective in addressing the issues associated with intensive animal farming.","While the argument for abolishing intensive animal farming by 2030 is well-intentioned and based on a growing consensus on the issue's problematic nature, it overlooks the geographical and spatial complexities of European agriculture. The implementation of such a policy would necessitate a profound understanding of the diverse agricultural landscapes and ecosystems that span the continent, where land use, soil type, and climate conditions vary greatly. A blanket abolition of factory farming could lead to unintended consequences, such as the displacement of rural communities and the disruption of local food systems that have evolved over centuries. Moreover, the geology and hydrology of the region would play a significant role in determining the feasibility of alternative agricultural practices, such as organic farming or agroforestry, in various areas. For instance, regions with poor soil quality or limited water resources might struggle to adapt to these new practices, exacerbating food insecurity and threatening the livelihoods of farmers.

Furthermore, the EU's agricultural systems are not solely driven by the Common Agricultural Policy, but also by a complex interplay of local, national, and international factors, including regional trade agreements, climate conditions, and cultural traditions. A more nuanced approach would consider these varying contexts and strive for a more gradual and flexible transition towards more sustainable agricultural practices. This would involve engaging with local stakeholders, farmers, and experts to develop region-specific solutions that take into account the unique geographical and environmental conditions of each area. By adopting a more place-based approach, the EU can ensure a more equitable and effective transition towards a more sustainable and environmentally friendly agricultural sector, rather than risking the well-being of rural communities and food security through a one-size-fits-all policy.","While the goal of abolishing intensive animal farming by 2030 is admirable, it is unlikely to be a silver bullet solution to the complex environmental problems facing Europe and the world. In fact, a blanket ban on factory farming could have unintended consequences that might exacerbate existing issues. For instance, a sudden shift to organic or free-range farming practices could lead to increased land use and resource consumption, potentially resulting in deforestation and habitat loss. Moreover, the increased demand for alternative protein sources, such as wild-caught fish or grass-fed beef, might put additional pressure on already vulnerable marine ecosystems. Furthermore, the EU's Common Agricultural Policy (CAP) is a multifaceted framework that aims to balance economic, social, and environmental goals. Abolishing factory farming without a comprehensive overhaul of the CAP could create a power vacuum that is filled by unregulated and potentially more destructive practices. In the Pacific Coast of Central America, where I have conducted extensive research, I have seen firsthand the devastating impact of unregulated fishing practices and the loss of biodiversity that can occur when regulations are not in place. It is crucial to address the root causes of environmental degradation, including overconsumption, waste, and pollution, rather than focusing on a single sector like agriculture. A more effective approach would be to implement a gradual transition towards more sustainable practices, backed by robust policies, education, and research. This would involve not only reforming agricultural policies but also addressing the broader systemic issues that drive environmental degradation, such as consumption patterns, waste management, and pollution. A comprehensive and inclusive strategy that considers the intricate relationships between human activities, ecosystems, and wildlife is essential to achieve meaningful and lasting change. By taking a more nuanced and multi-faceted approach, Europe can create a more sustainable and equitable food system that benefits both the environment and society.","The EU's experience with banning plastic waste is not directly applicable to the complex issue of intensive farming. The decision to restrict or eliminate certain plastics was largely driven by public outcry and widespread support for environmental protection. In contrast, the abolition of factory farming would necessitate a fundamental transformation of agricultural systems, which would be challenging to achieve without significant economic and social disruption. Small-scale farmers might struggle to adapt to new regulations, leading to potential job losses and food shortages in rural areas. Moreover, the ban on certain plastics was primarily aimed at mitigating environmental impacts, whereas intensive farming is driven by a complex interplay of factors, including animal welfare concerns, labor practices, and biodiversity conservation. A more nuanced approach would involve engaging with stakeholders across the agricultural sector to develop targeted solutions that balance competing demands and priorities.","The assumption that consumers are powerless to effect change due to consumerism is overly simplistic. In reality, many individuals are actively seeking out and purchasing higher welfare or organic products, driving demand for more sustainable agriculture. The success of farmers' markets, community-supported agriculture programs, and online platforms showcasing farm-to-table options illustrates this trend. While there may be a disconnect between values and actions among some consumers, it would be inaccurate to characterize the majority as being inattentive or apathetic. Furthermore, consumer choice has led to significant improvements in animal welfare standards within certain sectors, such as eggs and pork production. Rather than disregarding consumer agency, policymakers should focus on empowering consumers through education and labeling initiatives that promote transparency and accountability.","The notion that intensive animal farming should be abolished by 2030 overlooks the complexities involved in food production and consumption. While it is true that some forms of factory farming raise ethical concerns, blanket abolition is unlikely to address these issues effectively. In many EU countries, small-scale farmers rely heavily on conventional practices due to economic constraints and limited access to alternative methods. Abolishing intensive farming without providing a viable alternative could exacerbate rural poverty and food insecurity. Moreover, the EU's Common Agricultural Policy (CAP) plays a crucial role in promoting sustainable agriculture and reducing environmental degradation. Rather than abolishing factory farming outright, it would be more effective to reform the CAP to incentivize more humane and environmentally friendly practices."
t3_9j2uty,"Cats dont actually love their humans. I myself love cats. I think theyre cute, funny, and fun to have; however, I do not think they actually love their humans. I think many cat owners mistake loyalty or trust with love. Love constitutes selflessness, which is something no cat has ever or will ever have. If one did argue that cats DO love their humans they do not show it in any capacity either, which leaves no evidence that the cat really does love the human. As a comparison, dogs do show their love for humans, arguably too much. Oftentimes they are extremely selfless for their owner and sometimes fellow dogs that live with them. I definitely think cats can trust and even maybe like a human, idk, but there is definitely no love. They are wild, and thus selfish so they can survive.","Cats' emotional lives are multifaceted and deserving of careful consideration when assessing their capacity for love. Rather than relying on simplistic or anthropomorphized definitions of love, it is essential to examine the specific characteristics of feline behavior that may be indicative of attachment, affection, or even love. For instance, cats' grooming behaviors towards humans can be seen as a sign of intimacy and trust. Moreover, their vocalizations, body language, and proximity seeking can all be interpreted as expressions of emotional connection. While it is true that dogs often exhibit more overt displays of affection, this does not necessarily mean that cats are incapable of experiencing love or reciprocating affection in meaningful ways. A critical reevaluation of the available evidence on feline behavior, combined with a more open-minded approach to understanding animal emotions, may reveal a richer and more complex picture of cat-human relationships than initially thought.","The argument against feline love relies heavily on a dichotomy between selflessness and selfishness. However, this binary opposition oversimplifies the complexities of animal psychology. Cats may not exhibit selfless behavior to the same degree as dogs or even some other animals, but their capacity for emotional connection with humans cannot be dismissed outright. Observations of cats' attachment behaviors, such as reduced exploratory activity when their owners are present, suggest a level of emotional engagement that transcends mere instinctual responses. Moreover, cats' social recognition and recall of individual owners can be seen as evidence of a deeper connection than simple trust or loyalty. The assertion that love constitutes selflessness is problematic, as it neglects the possibility of reciprocal relationships where both parties receive and give affection without necessarily sacrificing their own well-being. By acknowledging these nuances in feline behavior, one can develop a more nuanced understanding of animal emotions and relationships.","The notion that cats do not love their humans is based on a narrow definition of love and loyalty. This perspective overlooks the complexities of animal behavior, particularly in felines. Cats' affectionate displays such as purring, kneading, and rubbing are often misinterpreted as mere instinctual or habituated behaviors. However, research suggests that these actions can be indicative of emotional bonding between cats and their owners. Furthermore, studies have shown that domesticated cats exhibit selfless behavior, such as increased anxiety when separated from their owners, which can be seen as a form of attachment. Cats' wild nature does not necessarily equate to selfishness; in fact, many feral cat colonies demonstrate social bonds with human caregivers who provide food and shelter. The comparison between dog and cat behavior may be useful but is not entirely relevant, as each species has its unique emotional expression and capacity for intimacy. By dismissing the possibility of cats loving their humans based on an overly rigid definition of love, one overlooks the intricate dynamics at play in human-animal relationships.","The notion that cats cannot love their humans due to a lack of selflessness oversimplifies the complex nature of love and attachment. Love can manifest in various ways, and selflessness is only one aspect of it. In fact, cats have been observed displaying behaviors that resemble affection and attachment towards their human caregivers, such as kneading, purring, and rubbing against their owners. These behaviors, often dismissed as mere instinct or habit, can be seen as forms of social bonding and attachment, similar to those found in other mammals.

While it is true that cats are wild animals and may not exhibit the same level of selflessness as dogs, this does not necessarily mean they are incapable of love. In fact, research has shown that many animals, including cats, are capable of experiencing positive emotions such as joy and attachment towards their caregivers. For example, a study on the behavior of domestic cats found that they often displayed affectionate behaviors towards their owners, such as head-butting and kneading, which are indicative of social bonding.

Furthermore, the comparison to dogs may be misleading, as dogs and cats have evolved to thrive in different environments and have distinct social structures. While dogs are pack animals that have evolved to be highly social and cooperative, cats are solitary hunters that have adapted to survive in a variety of environments. Their independence and self-reliance do not necessarily preclude them from forming strong bonds with their human caregivers.

The assumption that selflessness is the sole indicator of love also neglects the complexity of human-cat relationships. While cats may not always prioritize their human caregivers' needs over their own, they still form strong emotional bonds with their owners, which can be just as meaningful and fulfilling as those formed between humans. In fact, the unique relationship between humans and cats has been shown to have numerous benefits for both parties, including reduced stress and anxiety in humans and improved health outcomes in cats.

Ultimately, the definition of love should not be narrowed down to a single characteristic, such as selflessness. Instead, it should be recognized as a complex and multifaceted emotion that can manifest in different ways across species. By acknowledging the complexity of animal emotions and relationships, we can gain a deeper understanding of the bond between humans and cats, and recognize that love can take many forms, not just one.","While it is true that cats exhibit behaviors that may be misinterpreted as self-centered, it is essential to consider the vast range of emotions and social behaviors observed in cats. Studies have shown that cats are capable of forming strong bonds with their human caregivers, characterized by affectionate interactions, vocalizations, and even synchronized physiological responses. For instance, research has demonstrated that cats experience a release of oxytocin, often referred to as the ""cuddle hormone,"" during interactions with their owners, which is a physiological indicator of attachment and affection. This suggests that cats are capable of experiencing emotions that are analogous to love, even if they do not exhibit it in the same manner as humans.

Furthermore, the assumption that selflessness is a necessary component of love is not universally applicable across species. In fact, many species, including some primates and canines, have been observed exhibiting selfless behaviors, such as altruism and empathy, which are often seen as hallmarks of love and attachment. By limiting our understanding of love to human-centric definitions, we risk overlooking the unique emotional experiences and capacities of other species. The fact that cats do not display love in the same overt manner as dogs does not necessarily mean they do not experience love; rather, it highlights the complexity and diversity of emotional expression across species.

Moreover, the comparison between cats and dogs is not necessarily a valid one. While dogs may be more demonstrative of their affection, cats' more subtle expressions of love do not negate their capacity for it. In fact, the very fact that cats are able to form strong bonds with their owners despite their more reserved nature suggests a level of emotional complexity and attachment. By acknowledging the possibility of love in cats, we can gain a deeper appreciation for the intricate and multifaceted nature of animal emotions and social behavior. Ultimately, a nuanced understanding of animal behavior and emotions requires a willingness to challenge our assumptions and consider the unique experiences and capacities of each species.","While the cat lover's argument that cats do not love their humans due to their selflessness is a compelling one, it neglects the complexity of feline behavior and the various ways in which cats interact with their human companions. Cats are indeed known for their independence, but this does not necessarily mean they are incapable of forming strong emotional bonds with humans. In fact, studies have shown that cats can form long-term attachments to their owners, exhibiting behaviors such as gazing, rubbing, and purring, which are often associated with affection and comfort. Furthermore, the cat lover's comparison to dogs, while apt, oversimplifies the unique characteristics of feline behavior. Dogs may be more overt in their displays of affection, but cats have evolved to be more subtle and discerning in their interactions, often choosing to show affection on their own terms.

Moreover, the cat lover's assertion that cats do not show their love for humans in any capacity is not entirely accurate. Cats often exhibit behaviors that resemble love, such as kneading, head-butting, and vocalizations, which are all indicative of a deep affection for their human caregivers. These behaviors are not merely tricks or learned responses, but rather a natural expression of the cat's emotional state. By recognizing and understanding these behaviors, cat owners can build stronger relationships with their feline companions, one that is based on mutual trust, respect, and affection.

The cat lover's argument also relies heavily on a narrow definition of love, one that is rooted in selflessness and sacrifice. However, love can take many forms, including a deep affection and appreciation for another being, which is precisely what cats can exhibit towards their human companions. By expanding our understanding of love to include these subtler forms of affection, we can better appreciate the complex emotional lives of cats and the ways in which they interact with humans. Ultimately, the relationship between cats and their humans is not one-dimensional or straightforward, but rather multifaceted and influenced by a range of factors, including the individual personalities of both species."
t3_12n97s1,"Diversity is not preferable to homogeneity If you look at some of the most homogenous countries on earth, for example Iceland or Japan, they lead in a lot of measures. Polls on happiness, quality of life, studies on cleanliness (as a group, i.e. taking care to keep public places clean), even academics consistently rank countries like these near the very top. Isn't this an argument for homogeneity, or is this correlation rather than causation? As well I think even on a subconscious level, people all have biases. I think it's innate in us, just some of are public about it. Even something like difference in country rather than difference of cultural backgrounds. Even if I agree completely with someone else, maybe deep down I still kinda feel like my country is the best or superior in some way. Even stuff like being cohesive with your team in a workplace setting, cultural differences dictate most of our traditions, ways of thought, how we conduct ourselves, even our moral backgrounds. I don't think it's possible to be 100 in sync as a team unless everyone shares the same goals and have the same ideologies. I don't necessarily think diversity is wrong, by the way. What I also think is innate to everyone is the desire to explore, travel, and experience new things. I would never vote for legislation taking this away. I think it's an inalienable right to go where you want, even if laws may not agree with me. I just think a lot of societal strife can boil down to differences of culture, ideology, and so on which can be attributed to diversity. I know it's the wrong way to think of things but I want to better explore my potential prejudices and change my view.","The assumption that homogeneity is directly linked to success in measures such as happiness, quality of life, and cleanliness is overly simplistic. A closer examination of these countries reveals a more nuanced reality. For instance, Iceland's high ranking on the UN's Human Development Index can be attributed to its robust social welfare system and low income inequality, rather than solely its homogeneity. Similarly, Japan's emphasis on group harmony and collectivism may contribute to its cleanliness, but it also masks underlying social issues such as bullying and overwork. Furthermore, these countries' success stories often rely heavily on their own unique cultural strengths, which are deeply intertwined with their histories and traditions. To argue that homogeneity is the primary driver of these achievements overlooks the complex interplay between culture, economy, and society. In contrast, diverse societies like Canada or Australia have made significant strides in happiness, quality of life, and cleanliness despite their more heterogeneous populations.","The notion that societal strife can be attributed solely to differences in culture, ideology, and so-called ""diversity"" ignores the complex power dynamics at play. It neglects the historical contexts of colonization, oppression, and systemic inequality that have shaped modern societies. In reality, many social conflicts are rooted in structural injustices, rather than mere cultural or ideological differences. For instance, the civil rights movement in the United States was not primarily about disagreements over moral backgrounds or traditions but rather about the struggle for equal rights and opportunities for marginalized communities. Similarly, contemporary debates around immigration often stem from concerns about economic inequality, job security, and social services, rather than a straightforward opposition to cultural diversity. To reduce these complexities to simplistic notions of homogeneity versus heterogeneity does a disservice to the richness and depth of human experience.","The original argument's emphasis on subconscious biases and the supposed benefits of homogeneity undercuts its core premise. If everyone inherently harbors biases, as suggested, then homogeneity would not necessarily mitigate these biases, but rather replicate them in a concentrated form. This would lead to an insular society where diversity is seen as a threat, rather than an opportunity for growth and understanding. Moreover, the idea that teams require shared goals and ideologies to function effectively overlooks the numerous examples of successful collaborations between individuals from different backgrounds and cultures. For instance, multinational corporations often thrive on diverse teams that leverage their unique perspectives to drive innovation and success. The original argument's implicit suggestion that diversity hinders cohesion is therefore an oversimplification.","The idea that homogenous countries like Iceland and Japan are inherently successful is a reductionist view that fails to account for the complex interplay of factors contributing to their prosperity. While these countries may excel in certain areas, such as education or cleanliness, this does not necessarily mean that their homogeneity is the driving factor. In fact, research has shown that countries with high levels of diversity, such as Canada and Australia, also rank highly in these categories. Moreover, the correlation between homogeneity and success may be due to other factors, such as strong social safety nets, high levels of civic engagement, or favorable economic policies.

The argument that people have innate biases towards their own country or culture oversimplifies the complex and dynamic nature of identity formation. Human experiences are shaped by a multitude of factors, including cultural background, socioeconomic status, education, and personal experiences, making it unlikely that biases are solely based on national identity. Furthermore, the desire to explore and experience new things is indeed an inalienable right, but it is precisely this desire that can lead to a greater appreciation and understanding of diversity, rather than a rejection of it.

The idea that a team cannot be cohesive unless everyone shares the same goals and ideologies is also an oversimplification of the complexities of human relationships. Research has shown that diverse teams, when managed effectively, can be more innovative, creative, and productive than homogeneous ones. This is because diverse teams bring a wide range of perspectives and experiences to the table, allowing for a more comprehensive and nuanced understanding of problems and solutions.

Ultimately, the value of diversity lies not in its ability to produce homogenous outcomes, but in its capacity to foster creativity, innovation, and growth. By embracing and celebrating our differences, we can create a more inclusive and equitable society that values the contributions of all its members. By ignoring the complexities of diversity and instead promoting homogeneity, we risk stifling the very creativity and progress that has driven human advancement throughout history.","While it is true that certain countries and communities have achieved high rankings in various indices, this does not necessarily mean that their homogeneity is the primary factor contributing to their success. In fact, many of these countries have a long history of cultural and economic exchange, which has shaped their unique blend of traditions, customs, and values. For instance, Iceland's high standard of living and low crime rate can be attributed to its strong social safety net, universal healthcare, and high level of education, rather than its homogeneity. Similarly, Japan's cleanliness and high academic performance can be linked to its unique cultural values and rigorous education system, rather than its homogeneous population.

Moreover, the argument that diversity leads to strife is a flawed one, as it overlooks the many examples of diverse communities that thrive and coexist peacefully. In fact, research has shown that diverse neighborhoods tend to have lower crime rates, increased creativity, and a stronger sense of community. This is because diversity brings together people with different perspectives, experiences, and skills, leading to a more dynamic and innovative environment. By fostering diversity, cities can attract top talent, businesses, and investments, driving economic growth and development.

Furthermore, the idea that shared goals and ideologies are necessary for a team to succeed is overly simplistic and ignores the benefits of diverse perspectives and approaches. In reality, diverse teams are often more resilient and adaptable, as they can draw upon a broader range of ideas and expertise to overcome challenges. This is evident in many successful companies and organizations that have made a conscious effort to incorporate diversity and inclusion into their culture and hiring practices.

Ultimately, the benefits of diversity extend far beyond economic growth and social cohesion. They also include the opportunity for personal growth, cultural exchange, and innovation, which are essential for any community to thrive. Rather than viewing diversity as a source of strife, we should recognize its potential to enrich our lives and communities, and work towards creating inclusive and welcoming environments that celebrate the unique contributions of all individuals.","While it is true that certain countries like Iceland and Japan have achieved impressive rankings in various measures, it is essential to consider the underlying reasons for these successes. The emphasis on community and social cohesion in these cultures is not a result of homogeneity itself, but rather the result of a specific cultural and historical context that prioritizes collectivism and interdependence. For instance, the social safety net and universal healthcare systems in these countries, which contribute to their high quality of life, are not unique to their homogeneous populations but are instead a result of deliberate policy choices and societal values. Moreover, the idea that diversity is the primary cause of societal strife is an oversimplification, as many diverse societies have successfully navigated and celebrated their differences, leading to a rich cultural tapestry and increased social cohesion.

The assumption that people are inherently biased towards their own cultural group is also an oversimplification of human psychology. Research in social identity theory suggests that people's sense of identity is complex and multifaceted, and that individuals can hold multiple identities and affiliations simultaneously. Furthermore, the notion that people cannot be in sync as a team unless everyone shares the same goals and ideologies is not supported by evidence from successful, diverse teams in the workplace, where collaboration and effective communication are key to success. In fact, studies have shown that diverse teams are often more innovative and creative, as they bring a wider range of perspectives and experiences to the table.

Moreover, the idea that diversity is inherently at odds with societal cohesion is not supported by empirical evidence. Many diverse societies have successfully implemented policies and programs that promote social cohesion and community engagement, such as language classes, cultural festivals, and interfaith dialogues. These initiatives not only promote understanding and empathy but also foster a sense of community and shared identity among people from different backgrounds. In conclusion, the relationship between diversity and societal success is more complex than a simple trade-off between the two, and a more nuanced understanding of these factors is necessary to inform policy and social decisions."
t3_8jkdk4,"There should be another requirement for voters beside age In modern days where information is easily accessible and spread, fake news and news that invoke hatred towards opposition is extremely prevalent. This is more noticable in third world countries where education is far behind. These people whose education is lacking is also easily swayed to whichever party gives more ridiculous empty promise or even bribe(because most of the time they are also poor). I think age is no longer enough to be the only requirement for people to be allowed to vote. More metric should be required such as education or tests that they need to pass to be allowed to vote.","Implementing an education-based requirement for voting may seem like a logical solution to mitigate the effects of misinformation, but it is essential to examine the underlying data and potential biases. Research has shown that education is not a perfect predictor of voting behavior, and individuals with limited formal education can still make informed decisions. Moreover, education requirements could disproportionately affect marginalized groups, including low-income individuals and those with disabilities, who may face significant barriers to accessing quality education. A study in the United States found that African American and Hispanic voters were less likely to have a high school diploma, and introducing education requirements would likely exacerbate existing voting inequalities.

Furthermore, history has shown that disenfranchisement is a long-standing issue in many countries, including those with relatively high levels of education. In Germany, for example, the Nazi regime used education-based requirements to restrict voting rights during the 1930s, leading to widespread disenfranchisement of certain groups. By introducing education requirements, we may inadvertently create a new class of disenfranchised individuals, undermining the very foundations of democracy. Instead of restricting voting rights, we should focus on improving education and promoting media literacy to help individuals make informed decisions.

Moreover, education requirements may not address the root cause of misinformation. In many cases, voters are swayed by emotions and personal experiences rather than facts. A study on the 2016 US presidential election found that voters who relied on emotional appeals were more likely to support Trump, despite his questionable facts. Education requirements may not be enough to counter the influence of emotive appeals, and we may need to explore other solutions, such as improving fact-checking and critical thinking skills. By introducing new barriers to voting, we risk disenfranchising those who need our support the most, rather than empowering them to participate in the democratic process.","Implementing education level as a requirement for voting may seem like a reasonable solution to address misinformation and uninformed decision-making, but it poses a significant risk of disenfranchising marginalized communities and exacerbating existing inequalities. Research has consistently shown that voter suppression disproportionately affects low-income and minority groups, who are often less likely to possess the resources and opportunities necessary to acquire higher education. In third-world countries, where access to education is already scarce, imposing an educational requirement would likely further marginalize these populations, rendering their voices even more silent in the democratic process. Moreover, standardized tests designed to assess voter eligibility would inevitably be biased, as they would be created by a particular cultural and socio-economic elite, potentially reflecting their own values and perspectives rather than those of the broader population.

Moreover, education is not a guarantee of informed decision-making, as evidenced by the numerous examples of highly educated individuals who hold biased or misinformed views. In fact, research has shown that education can even reinforce existing biases, particularly if the education system perpetuates a narrow, privileged worldview. Furthermore, imposing an educational requirement would be a regressive measure, as it would effectively disenfranchise those who may possess valuable life experience and knowledge that is not reflected in traditional educational settings. It would also create a system where those who have had more access to education and resources would have a disproportionate advantage in the democratic process, further entrenching existing power structures.

Instead of education level, a more effective approach would be to address the root causes of misinformation and uninformed decision-making, such as improving media literacy and critical thinking skills through education and public awareness campaigns. This would empower citizens to make informed decisions, regardless of their educational background, and promote a more inclusive and representative democracy. By addressing the systemic issues that perpetuate misinformation and disenfranchisement, we can create a more just and equitable electoral system that values the diversity of perspectives and experiences that exist within a society.","Implementing education or testing requirements as a prerequisite for voting could have unintended consequences that undermine the very foundation of democracy. By creating a barrier to participation, such a policy may disproportionately disenfranchise individuals from lower socioeconomic backgrounds, who may not have access to quality education or resources. This would exacerbate existing inequalities, silencing the voices of those who need to be heard the most. Furthermore, education is not a one-size-fits-all solution; there are numerous forms of education and learning that are just as valuable as traditional academic education. The emphasis on education as a metric may overlook the experiences and perspectives of individuals who have learned through apprenticeships, vocational training, or community engagement. In a democracy, the diversity of voices and experiences is what makes it strong, and excluding certain groups would only weaken it. Moreover, the assumption that education is the primary determinant of critical thinking is overly simplistic and neglects the role of social and cultural factors. For instance, a well-educated individual from a wealthy background may hold biases and prejudices that are no less problematic than those of an uneducated individual from a marginalized community. In fact, some of the most influential and thought-provoking leaders in history have come from non-traditional educational backgrounds. By focusing solely on education, we risk creating a system that values credentials over substance, and perpetuates a culture of elitism. Ultimately, a more effective way to combat misinformation and promote critical thinking would be to invest in education and media literacy programs that are accessible to all, rather than creating barriers to participation.","Implementing educational or testing requirements for voters would create a formidable barrier to participation, particularly among low-income individuals who may have limited access to resources and opportunities for education. This could exacerbate existing social and economic inequalities, as those who are already disadvantaged in society would be disproportionately disenfranchised. Moreover, such requirements would also create administrative burdens and logistical challenges, potentially leading to voter suppression and decreased turnout. A more effective approach would focus on improving civic engagement and voter education through accessible programs and resources that cater to diverse learning styles and needs. This could include interactive workshops, online tutorials, and community-based initiatives that promote critical thinking and media literacy skills. By taking a more inclusive and educational approach, democratic societies can empower voters with the knowledge and confidence needed to participate in the electoral process without compromising their fundamental right to vote.","The notion that citizens should be required to meet certain standards before being allowed to exercise their voting rights raises concerns about the implications for citizenship and democracy as a whole. If education or testing requirements become the criteria for voting, it could lead to a situation where citizens are judged on their intellectual abilities rather than their inherent worth and dignity as human beings. This would undermine the fundamental principles of equality and inclusivity that underpin democratic societies, potentially creating a hierarchy of citizenship based on knowledge and cognitive abilities. Moreover, such requirements would also create an undue burden on marginalized communities who may have faced historical injustices and ongoing systemic barriers to education and social mobility. By prioritizing accessibility and inclusivity in the voting process, democratic societies can foster a culture of civic engagement that values diversity, equity, and equal participation  regardless of educational background or socioeconomic status.","The suggestion that voters should be required to meet additional criteria beyond age overlooks the fundamental importance of universal suffrage in a democratic society. In theory, every citizen has an equal stake in the country's decisions and deserves a voice in shaping its future. However, implementing educational or testing requirements for voters risks disenfranchising marginalized groups who may not have access to quality education or resources necessary to prepare for such tests. This could lead to even greater disparities in representation, as those who are already disadvantaged in society would be denied the right to vote. Furthermore, the assumption that individuals with less education are more easily swayed by fake news and empty promises is a simplistic view of human nature. In reality, people from all walks of life can be influenced by misinformation, and education alone does not guarantee informed decision-making. History has shown that even well-educated citizens have been deceived by propaganda and extremist ideologies. The focus should instead be on improving civic education and promoting media literacy to empower voters with the critical thinking skills needed to navigate complex information environments. By maintaining universal suffrage while investing in these initiatives, democratic societies can foster more inclusive and informed decision-making processes."
t3_vjw3nn,"The vast majority of relationship problems are due to bad communication Like the title, says: assuming two people like each other but are having issues with each other, I want to claim that if the two had better communication skills they probably wouldn't be having the problems they are. Of course, there are cases, where for example she wants kids and he doesn't and so they break up. That kind of case clearly can't be fixed by talking more. The two people just have different goals in life or want different things from the relationship. For context, I feel the need to argue about this for two reasons. First, friends of mine will complain about their realtionship problems and I constantly find myself thinking ""Talk to your partner!"" or some similar exclamation expressing my frustration with people not communicating more or better. Often they think their partner is being a dick or doesn't care. By my analysis it's usually a lack of communication. Something like: A expects X from B, but never communicated that clearly. B doesn't deliver and A thinks B doesn't care or is an asshole or something similar. Second: rAITA posts. I would be willing to bet that behind a majority of rAITA posts about relationship problems is an inability to clearly communicate and resolve conflicts by talking them through. Of course, it's biased. People who are able to talk about their problems with their partner don't go to complain to their friends or the internet. 
FYI, my view here isn't super clear. I'm hoping to sharpen my position here. So, if you give me new perspective or bring up some class of examples that I totally underestimated, I'm happy to give deltas for that. You can also try to change my core view, that communication problems are the core of most relationship problems
with exceptions like the two people don't even like each other in the first place or some other obvious loop holes I'm failing to think up on the spot.","The argument that communication problems are the core of most relationship issues overlooks the complexities of relationships and the various factors that contribute to their demise. While good communication is undoubtedly essential for a healthy partnership, it cannot be the sole explanation for every relationship problem. For instance, power imbalances, emotional unavailability, or past traumas can create an environment where effective communication is hindered or impossible. Moreover, some individuals may possess exceptional communication skills but still struggle with their partner due to incompatibility, different values, or life goals. Furthermore, relationships involve not only verbal but also nonverbal interactions, which can be a significant source of conflict. A person's tone, body language, and emotional expression can often convey more than their words, leading to misunderstandings or hurt feelings even with the most skilled communicators.","The claim that better communication would solve most relationship issues fails to account for the nuances of human emotions and attachment styles. People's emotional needs and attachment patterns are shaped by early life experiences, which can significantly influence their ability to form and maintain healthy relationships. For instance, individuals with anxious or avoidant attachment styles may struggle to communicate effectively due to deep-seated fears or insecurity. Moreover, traumatic experiences or mental health issues can impede a person's capacity for emotional intimacy, making communication a necessary but insufficient solution. Effective relationships require not only good communication but also a high degree of emotional intelligence, self-awareness, and empathy, which cannot be solely attributed to communication skills alone.","The emphasis on communication as the primary cause of relationship problems ignores the role of societal expectations and cultural norms in shaping relationships. Many couples struggle with issues that are deeply ingrained in their respective backgrounds or communities. For example, families or social networks may perpetuate patriarchal values or traditional gender roles, creating tension within a partnership. Furthermore, individuals from different cultural backgrounds may have varying communication styles or attachment patterns, leading to misunderstandings and conflicts. Moreover, economic pressures, unequal access to resources, or systemic injustices can exacerbate relationship problems, rendering communication alone insufficient in resolving them.","The argument that most relationship problems are due to bad communication skills oversimplifies the complexities of human relationships and ignores the multifaceted factors that contribute to relationship issues. While effective communication is undoubtedly essential for successful relationships, it is merely one aspect of a larger ecosystem that includes societal, cultural, and economic contexts. For instance, consider the example of a woman who is expected to prioritize domestic duties and childcare, while her partner is expected to prioritize his career. The societal pressure to conform to these traditional roles can create a communication vacuum, where both partners feel unable to express their needs and desires. In such cases, communication alone cannot resolve the underlying power imbalance.

Moreover, the argument neglects the role of systemic issues like patriarchy, capitalism, and social inequality in perpetuating relationship problems. In a society where women are often socialized to prioritize others' needs over their own, communication may not be enough to overcome the inherent power imbalance. Similarly, the capitalist system can create stress and anxiety in relationships, making it challenging for partners to communicate effectively. The pressure to maintain a certain lifestyle, financial security, and social status can lead to conflicts that cannot be resolved through communication alone.

Furthermore, the argument assumes that all relationship problems can be resolved through communication, which is not always the case. In situations where one partner has experienced trauma, abuse, or neglect, communication may not be enough to overcome the deep-seated issues. In such cases, professional help and support are necessary to address the underlying trauma and work towards healing.

Additionally, the argument relies on anecdotal evidence from friends and online forums, which may not be representative of the broader population. A more comprehensive understanding of relationships requires considering the diverse experiences and contexts of individuals from different backgrounds, cultures, and socioeconomic statuses. By acknowledging the complexities of human relationships and the intersecting factors that influence them, we can develop a more nuanced understanding of relationship problems and work towards creating more effective solutions.","The notion that most relationship problems can be solved through better communication skills oversimplifies the complex web of factors that contribute to relationship struggles. While communication is undoubtedly crucial in any relationship, it is often used as a Band-Aid solution to cover up deeper structural issues. Consider the relationship between a woman in an abusive marriage and her partner, where communication may be poor, but the underlying power imbalance and control mechanisms are the root cause of the problem. In such cases, improving communication skills would not resolve the issue, as the abuse is not a matter of miscommunication but of entrenched power dynamics.

Moreover, the argument relies on a Eurocentric and middle-class view of relationships, which assumes that both partners have the economic and social resources to engage in open and equal communication. However, in many relationships, one or both partners may be struggling with poverty, racism, or other forms of oppression that limit their ability to communicate effectively or to engage in a relationship on an equal footing. For instance, a woman from a lower socioeconomic background may feel pressure to stay in an unhappy relationship due to economic constraints, rather than being able to communicate her needs and desires.

Furthermore, the argument neglects the role of societal expectations and norms in shaping relationship dynamics. Cultural narratives and media representation often perpetuate unrealistic and patriarchal ideals of relationships, where men are expected to be providers and women are expected to be caregivers. These expectations can lead to relationship problems, as individuals struggle to meet these idealized standards, rather than being able to communicate openly and honestly with their partner. Consider the case of a couple where the man feels emasculated because his partner earns more money, leading to feelings of resentment and conflict.

Additionally, the argument fails to consider the relationship between social context and relationship success. Couples from different cultural backgrounds may have different expectations and communication styles, which can lead to misunderstandings and conflicts. For example, in some cultures, direct communication is considered aggressive, while in others, indirect communication is the norm. Ignoring these cultural differences can lead to relationship problems, which are then blamed on poor communication skills.

Ultimately, while communication is essential in any relationship, it is not a panacea for relationship problems. A more nuanced understanding of the complex interplay between social context, power dynamics, and cultural norms is necessary to truly address the root causes of relationship struggles.","While communication is undoubtedly a crucial aspect of any successful relationship, it is oversimplifying to suggest that the majority of relationship problems can be attributed to a lack of communication. The reality is that people's lives are influenced by a multitude of factors, including societal expectations, personal goals, and external circumstances. For instance, in the case of the couple where one partner wants children and the other does not, it is not solely a matter of improved communication that can resolve this issue. In many cases, deep-seated differences in values, financial stability, and long-term goals can make it challenging for couples to reconcile their differences, regardless of how effectively they communicate.

Moreover, the assumption that people who are able to communicate effectively in their relationships do not seek help or support is not entirely accurate. In reality, many individuals struggle to navigate complex emotions and conflicts, even when they possess excellent communication skills. The act of seeking advice from friends, family, or online forums like rAITA is a sign of strength, not weakness. It indicates a willingness to acknowledge the difficulties of the situation and seek guidance from others.

Furthermore, the emphasis on communication skills overlooks the role of emotional intelligence, empathy, and understanding in relationships. While communication is essential, it is not the only factor at play. A person's ability to understand and validate their partner's emotions, needs, and desires is just as crucial as their ability to express themselves effectively. In many cases, people may possess excellent communication skills but struggle to truly connect with their partner on an emotional level, leading to feelings of disconnection and isolation.

Ultimately, relationship problems are often the result of a complex interplay between various factors, including communication, emotional intelligence, societal pressures, and individual differences. Rather than placing the blame solely on a lack of communication, it is more productive to approach relationship issues with empathy, understanding, and a willingness to consider the multifaceted nature of human relationships."
t3_qwig45,"Spaghetti is objectively the worst pasta noodle and every pasta dish would be improved with a better noodle. It sucks at holding sauce, it doesn't mix well in the dish itself (you'll get a bite of a bunch of noodles, or you'll get a bite of the sauce and whatever else you have in your dish, but never both simultaneously), it's long and gangly and hard to scoop onto your plate without making a mess, no single utensil is really made for getting it from your plate to your mouth.... Is there any redeeming quality other than it's kinda fun to say in a vaguely racist Italian accent? Every single pasta is better than spaghetti noodles. Why is it so popular? Edit: since the friend spaghetti comment was so.... Popular?... I feel the need to clarify. When you have leftover spaghetti, sometimes I throw it in a pan with some olive oil at medium-high heat and fry it a bit to serve it again. It's delicious and I highly recommend trying it with your leftovers","The critique of spaghetti often hinges on its perceived limitations, such as its inability to hold sauce or mix well with other ingredients. However, this narrow focus overlooks the fundamental role spaghetti plays in traditional Italian cuisine. In fact, spaghetti's long, thin shape is perfectly suited for certain dishes, such as carbonara or cacio e pepe, where the sauce is lightly coated and the pasta serves as a vessel for the flavors. The design of spaghetti also allows for a delicate balance of textures, with the smooth sauce coating the noodle, and the crunch of accompanying ingredients providing a satisfying contrast.

Furthermore, the issue of sauce retention can be mitigated by using the correct cooking technique, such as cooking the pasta al dente and tossing it with the sauce immediately after draining. This allows the pasta to absorb the sauce evenly, rather than becoming soggy and overwhelmed. Moreover, spaghetti's long shape makes it an ideal choice for dishes where a simple, unadulterated pasta experience is desired. It's precisely this simplicity that allows the pasta to take center stage, its subtle flavor and texture elevating the overall dish.

The argument that spaghetti is hard to eat with utensils is also overstated. In Italy, where spaghetti is a staple, it's common to see diners twirl their pasta around the fork, creating a beautiful, harmonious union of ingredients and utensil. This technique requires a certain level of finesse, but it's a skill that's well worth developing for the pleasure of enjoying a perfectly cooked plate of spaghetti. In fact, the very uniqueness of spaghetti's design makes it a joy to eat, a sensory experience that's hard to replicate with other, more uniform pasta shapes. By embracing the quirks of spaghetti, rather than trying to dismiss them, we can gain a deeper appreciation for the diversity of pasta and the cultural heritage that surrounds it.","The notion that spaghetti is the worst pasta noodle might be a case of misplaced expectations, where functionality is prioritized over the culinary experience as a whole. One must consider the nostalgic significance of spaghetti in many cultures, where its long, slender shape and messiness evoke memories of family gatherings, homemade meals, and laughter. The very characteristics you find troublesome  the tendency to get tangled, the lack of uniformity  can be seen as hallmarks of a dish that's been passed down through generations, with each strand bearing the imperfections of handmade craftsmanship. The messiness of spaghetti is not just a problem to be solved, but a reminder of the human touch that goes into creating it. Furthermore, the idea that spaghetti is unimpressive due to its inability to hold sauce uniformly is a commentary on our expectations of a perfect, homogeneous culinary experience. In reality, the interplay between sauce and noodle is a dynamic dance that changes with each bite, a sensory experience that is as much about texture as it is about taste. The appeal of spaghetti lies not in its ability to conform to certain standards of elegance, but in its unapologetic, charming messiness. Rather than dismissing spaghetti as inferior, we might appreciate it for its unique capacity to evoke emotions, memories, and a sense of connection to our past. By embracing the imperfections of spaghetti, we open ourselves up to a more nuanced understanding of food as a sensory experience, one that is as much about the emotions it evokes as it is about the flavors it contains.","While it's true that spaghetti can be a bit of a handful in terms of presentation, dismissing it entirely as the ""worst pasta noodle"" oversimplifies the complexity of culinary experiences. Different cultures and traditions have revered spaghetti for its rich history and symbolic significance. In Italian-American cuisine, spaghetti is often the centerpiece of family gatherings and nostalgic celebrations. Moreover, its versatility extends beyond the traditional tomato sauce; it pairs well with a wide range of ingredients, from pesto to carbonara. Some of the world's most beloved dishes, such as Spaghetti Bolognese and Spaghetti Carbonara, wouldn't be the same without this iconic noodle.

The author's critique about spaghetti being difficult to handle is also an opportunity for creativity, not a drawback. Chefs and home cooks alike have developed innovative ways to plate and serve spaghetti, from twirling it around a fork to using utensils specifically designed for the task. The messy presentation can even be seen as an art form, with the chaotic tangle of noodles adding to the dish's charm. The act of eating spaghetti can be a sensory experience that engages the senses and encourages community interaction, as seen in the traditional Italian custom of gathering around the table to share a meal.

The author's admission that fried spaghetti is delicious when cooked with olive oil at high heat highlights the adaptability of this noodle. This technique showcases the resourcefulness of cooks who can transform a humble ingredient into something new and exciting. Rather than dismissing spaghetti as inferior, it's more productive to appreciate its unique qualities and the possibilities it offers. By embracing the diversity of culinary experiences and traditions, we can celebrate the beauty of spaghetti and other seemingly imperfect ingredients that bring people together through the shared experience of cooking and eating.","The argument against spaghetti relies heavily on anecdotal evidence and personal preference. However, a closer examination of culinary traditions reveals that various cultures have developed unique techniques to make the most of this versatile noodle. For example, in some regions of China, long noodles like la mian are served with a variety of fillings, such as meat or vegetables, which can be easily incorporated into the dish due to the noodle's long, thin shape. Similarly, Korean cuisine often employs a type of starch-based dough called naengmyeon, which is similar in texture to spaghetti but boasts a more complex flavor profile. By broadening our understanding of pasta shapes and their cultural contexts, we can appreciate the nuances and innovations that make each shape unique. The argument against spaghetti ignores the fact that many traditional dishes rely on long noodles as an integral component, often serving purposes beyond mere sauce-holding capacity. Furthermore, when properly cooked and presented, spaghetti can become a visually stunning centerpiece of a meal, its simplicity belied by the rich flavors and textures it can support. By acknowledging the value of diverse culinary traditions and techniques, we can move away from a narrow definition of quality and towards a more inclusive appreciation for the many benefits that different pasta shapes have to offer.","The criticism levied against spaghetti noodles stems from a utilitarian perspective, emphasizing their functionality in sauce-holding capacity and ease of consumption. However, a more nuanced approach to evaluating pasta shapes reveals that each type has its own unique strengths and weaknesses. Spaghetti's reputation as the worst noodle might be attributed to its relative simplicity compared to other shapes, such as pappardelle or fettuccine, which boast wider surfaces for sauce absorption. In contrast, spaghetti's long, slender shape makes it an ideal candidate for dishes where quick cooking is essential, such as in certain Asian-inspired stir-fries or Mediterranean salads. Furthermore, the issue of twirling spaghetti around a fork can be mitigated by using a more suitable utensil, such as a spork or chopsticks. In some cultures, the use of long noodles is an integral part of traditional table manners and adds to the overall dining experience. Instead of viewing spaghetti as inferior, one could argue that its adaptability and versatility make it a valuable addition to any pasta lover's repertoire. By acknowledging the diverse applications and benefits of different pasta shapes, we can appreciate spaghetti for what it brings to the table: simplicity, elegance, and an unpretentious approach to cuisine.","The notion that spaghetti is objectively the worst pasta noodle relies heavily on a narrow definition of quality. In reality, the appeal of spaghetti lies in its versatility and ability to adapt to diverse culinary traditions. Italian cuisine, for instance, places great emphasis on the simplicity and elegance of spaghetti dishes, which can be elevated by a variety of sauces and toppings. The long, thin shape of spaghetti noodles allows for efficient cooking and enables them to hold sauces effectively when cooked al dente. This characteristic is often overlooked in favor of bulkier pasta shapes that may be more visually appealing but lack the functionality of spaghetti. Furthermore, the act of twirling spaghetti around a fork is an integral part of the Italian dining experience and creates a sensory connection between the diner and the food. When properly prepared, spaghetti can become a harmonious balance of flavors, textures, and presentation. In many cases, the drawbacks cited by the original argument are simply a result of improper cooking techniques or overreliance on certain sauces. The argument also neglects the emotional value that comes with enjoying traditional dishes passed down through generations. By dismissing spaghetti as the worst pasta noodle, one risks overlooking the cultural significance and nostalgia associated with this beloved food."
t3_5nrv3a,"English speakers should stop using either ""affect"" or ""effect"". I'm not an English major. I'm just a lifetime English speaker who's wasted too much time thinking ""wait, do I use 'effect' or 'affect' here?"" and I realized this morning that I can't think of a good reason for them both to exist. I'm aware that the two words, ""affect"" and ""effect"" have differing definitions, but that doesn't matter. The English language has plenty of words that have multiple meanings discerned from context. ""Buffalo"" can be a city or an animal and one doesn't need the A changed to an E.
The two words are similar enough that I see no point to having both. I think one word would suffice and cut down on incorrect usage. Obviously, the English Language Overlords aren't going to see this post and decree the word ""affect"" stricken from the records. But, I am curious if anyone can tell me why it's a good idea for both of these words to exist.","The contention that both words are unnecessary because they ""sound alike"" underestimates the cognitive processes involved in language comprehension and production. Research has shown that listeners and readers rely on various linguistic cues, including phonology, syntax, and semantics, to disambiguate homophones like ""affect"" and ""effect."" Moreover, speakers' intuitions about word meaning are often rooted in deep-seated cognitive biases, which can be influenced by factors such as grammatical context, prior knowledge, and contextual clues. By maintaining both words, English language speakers can develop a more nuanced understanding of how language operates and exploit these cues to convey meaning effectively. Furthermore, the retention of both words acknowledges that language is an inherently creative and adaptive system, where meanings are constantly being negotiated and refined through social interaction and cultural exchange. In short, the ""problem"" with homophones like ""affect"" and ""effect"" actually presents opportunities for linguistic exploration and refinement, which can lead to a more sophisticated understanding of human communication.","The elimination of one or both words would not only be an unnecessary simplification but also risk compromising the precision and nuance that English language speakers have cultivated over centuries. The existence of two distinct words, albeit with similar meanings, allows for subtle distinctions in expression that are essential to effective communication. A single word cannot capture the complexity of human experience, where context and connotation often play a significant role in conveying meaning. Moreover, reducing the linguistic palette would stifle creativity and hinder the ability to convey precise shades of meaning in various contexts. Furthermore, language is not static; it evolves, and eliminating words based on perceived redundancy could inadvertently create new ambiguities. The argument that ""buffalo"" can be a city or an animal without confusion is a weak analogy, as these meanings are fundamentally different in nature and usage patterns. In contrast, the distinction between ""affect"" and ""effect"" relies on subtle differences in context and grammatical function, making them difficult to merge into a single word. By embracing the dual meaning of words, English language speakers can continue to develop a rich and sophisticated vocabulary that reflects the complexity of human thought and experience.","The retention of both ""affect"" and ""effect"" underscores the dynamic relationship between language, culture, and history. Both words have historical roots in Latin and Greek, reflecting the linguistic evolution of English as it absorbed and adapted from various sources. By preserving these words, speakers can connect with their cultural heritage and appreciate the nuances that have developed over time. Furthermore, the distinction between ""affect"" (as a verb meaning to influence or move) and ""effect"" (as a noun referring to a result or outcome) is not merely semantic but reflects fundamental differences in cognitive processes. This dichotomy highlights the human capacity for intentionality and the desire to shape outcomes, as well as our ability to perceive and interpret consequences. By recognizing the dual nature of these words, speakers can tap into this rich cultural and historical context, fostering a deeper understanding of language and its relationship to thought and experience.","The existence of both ""affect"" and ""effect"" is not merely a relic of linguistic laziness or an unnecessary duplication of effort. Instead, it is a testament to the dynamic and adaptive nature of language, shaped by the intricate web of cultural and historical interactions that have influenced its development. In the case of ""affect"" and ""effect,"" their dual meanings are a result of the complex interplay between Latin and Old English roots. ""Affect"" originates from the Latin ""affectus,"" meaning a feeling or emotion, while ""effect"" comes from the Latin ""effectus,"" meaning a result or outcome. This etymological distinction is crucial in understanding the nuances of their usage.

The Jesuit missionaries' interactions with local cultures provide a striking example of language adaptation and change. As they encountered indigenous languages and incorporated elements into their own, they often borrowed words and concepts without fully assimilating their meanings. This led to the creation of new words, such as ""canoe"" from the Huron language, which retained its original meaning and cultural significance. Similarly, the dual meanings of ""affect"" and ""effect"" may have developed as a result of contact with Latin and Old English, with ""affect"" retaining its emotional connotation and ""effect"" taking on a more causal meaning.

Furthermore, the existence of multiple words with similar meanings is not unique to ""affect"" and ""effect."" Other English words, such as ""bank"" (a financial institution and the side of a river), demonstrate a similar phenomenon. Rather than abolishing these words, it would be more productive to recognize and appreciate their historical and cultural significance. By preserving the nuances of language, we can better understand the complex social and cultural contexts in which they developed. This approach also acknowledges the agency of language users in shaping and adapting language to their needs.

In conclusion, the existence of both ""affect"" and ""effect"" is not a redundant anomaly, but a reflection of the rich and complex history of the English language. Rather than simplifying or eliminating words, we should celebrate the diversity of language and its ability to adapt and evolve in response to cultural and historical contexts.","The idea that ""affect"" and ""effect"" should be eliminated from the English language is a misguided attempt to impose a false sense of order on a complex system. The two words, though often confused, have distinct histories and functions. ""Affect"" originated from the Latin ""affectus,"" referring to a feeling or emotion, while ""effect"" came from the Latin ""effectus,"" meaning a result or outcome. The historical development of these words reflects the English language's ability to absorb and adapt from various linguistic traditions. The retention of both words allows for precision in expression, particularly in fields such as psychology, where ""affect"" is used to describe a feeling or emotion, while ""effect"" describes the observable outcome of that emotion. For instance, a person's affect might be described as depressed, but the effect of their depression might be a decline in productivity. The scholar's assertion that ""buffalo"" can be a city or an animal is misleading, as the multiple meanings of this word are largely fixed by context, whereas ""affect"" and ""effect"" rely on a nuanced understanding of their etymology and usage. The scholar should recognize that language is not a fixed entity, but a dynamic system that has evolved over time, incorporating words and meanings from various cultures and languages. The complexity of language is not something to be feared or simplified, but celebrated for its ability to convey rich and subtle shades of meaning. By embracing the distinction between ""affect"" and ""effect,"" we can tap into the historical and cultural depth of the English language, rather than reducing it to a simplistic binary. The scholar should appreciate the ways in which language can be both flexible and precise, reflecting the intricate relationships between words, contexts, and cultures. Ultimately, the retention of both ""affect"" and ""effect"" is not a hindrance to clarity, but a testament to the English language's ability to adapt, evolve, and convey the complexities of human experience.","While it's understandable to simplify the rules of language to alleviate confusion, eliminating the distinction between ""affect"" and ""effect"" could have unintended consequences in the realm of storytelling. In the world of television and film, nuance is key. Consider a scene where a character's emotional state is deliberately manipulated by another character's actions - in this case, ""affect"" is the perfect word to convey the impact of one action on another's feelings. In contrast, ""effect"" would imply a result or outcome, which is not the intended meaning in this context. Furthermore, the blending of these two words could lead to a loss of emotional depth in the narrative, as the audience relies on the subtle distinction to understand the characters' emotions and motivations.

Moreover, the English language is a constantly evolving entity, with words adapting to new contexts and meanings over time. The existence of multiple words with similar meanings, like ""affect"" and ""effect,"" allows for a more precise expression of ideas and emotions in different situations. The complexity of language is what allows for the subtlety and depth that makes storytelling so compelling. Consider a dramatic monologue, where a character's inner turmoil is conveyed through their use of language - the distinction between ""affect"" and ""effect"" can be the difference between a powerful, impactful performance and one that falls flat.

In addition, the redundancy of words in the English language is a double-edged sword. While it can indeed cause confusion, it also provides a safety net for speakers and writers to express themselves more accurately. By retaining the distinction between ""affect"" and ""effect,"" we can avoid the pitfalls of ambiguity and ensure that our message is conveyed as intended. This is particularly important in the context of storytelling, where the audience relies on the words of the characters to become invested in the narrative.

Ultimately, the value of retaining the distinction between ""affect"" and ""effect"" lies not in the technical accuracy of their usage, but in the emotional resonance they evoke in the audience. By preserving the subtlety and nuance of language, we can create a more immersive and engaging experience for the viewer, one that is rich in depth and complexity."
t3_3ri5n8,"I'm a young-earth creationist. I'm a Christian who has always believed that the world is around 6000-10000 years old. That's what I grew up being taught by my church and my family. I believe that the God of the Bible created everything from nothing, and He has always existed, even before time. Recently, however, I've been more critical of my faith and searching out for myself. I'm more liberal than I was a year ago. I've been to many conferences about creation that show the evidence for creation and the great flood being the reason for the fossil layers. Recently, my mind has turned toward more scientific thinking, but I'm still not convinced of evolution because I haven't seen the evidence for it from a perspective that isn't critical of it. Change my view, I know evolution is generally more accepted and creationists are generally seen as less intelligent or respectable for it.","The debate surrounding evolution often centers around the perceived conflict between faith and science, but it is essential to recognize that the scientific evidence for evolution is not necessarily in opposition to Christian theology. In fact, the diversity of moth species found in the Neotropical region offers a compelling example of the power of evolutionary processes. The intricate patterns of biogeography, which reveal the migration routes and adaptations of these species, demonstrate the gradual and cumulative nature of evolutionary change. By studying the evolution of moths, one can appreciate the complex and nuanced relationship between species and their environments, highlighting the intricate web of relationships that underpin the natural world.

Furthermore, the fossil record of moth species, which shows a clear pattern of gradual changes over time, is often cited as a key piece of evidence for evolution. However, it is not just the fossil record that supports evolution, but also the convergent evolution of moth species that occupy similar ecological niches. For example, the tropical butterflies that feed on nectar-rich flowers in Central and South America have evolved distinct characteristics that enable them to exploit this resource effectively. Similarly, the desert-dwelling moths that rely on cacti for food and shelter have developed specialized traits that allow them to survive in these arid environments. These examples illustrate the adaptability and diversity of moth species, which are the direct result of millions of years of evolutionary change.

It is essential to recognize that the theory of evolution does not preclude the possibility of a higher power or creator. Instead, it provides a framework for understanding the natural world that is complementary to Christian theology. By embracing the scientific evidence for evolution, one can deepen their appreciation for the complexity and beauty of creation, and recognize the intricate relationships between species and their environments. Ultimately, evolution and faith are not mutually exclusive, but rather two distinct perspectives that can coexist and inform one another. By adopting a more nuanced understanding of the relationship between science and faith, one can move beyond the fear of being seen as less intelligent or respectable and instead engage in a more meaningful dialogue with the scientific community.","The desire to cling to a fixed timeline for the Earth's creation stems from a deep-seated need for control and certainty in an uncertain world. However, this rigidity can lead to a narrow perspective, overlooking the vast tapestry of scientific evidence that supports evolution. Consider the breathtaking beauty of a sunset, with its vibrant hues and delicate transitions - is this not a testament to the intricate, ever-changing nature of our universe? The natural world is full of mysteries waiting to be unraveled, and it is precisely this sense of wonder that evolution seeks to capture, not a rigid, predetermined narrative.

Moreover, the notion that creationists are less intelligent or respectable is a tired stereotype, one that ignores the countless scientists and thinkers who have made groundbreaking contributions to our understanding of the world while maintaining a deep faith. By embracing the complexity of human experience, we can move beyond binary oppositions and instead celebrate the rich diversity of perspectives that shape our understanding of the world. The intersection of art and science is not a zero-sum game, where one must choose between creativity and reason; rather, it is a fertile ground where imagination and inquiry converge to create something entirely new.

The great flood, often cited as an explanation for fossil layers, is a compelling story that speaks to our collective imagination, but it is not a scientifically supported explanation. In fact, the geological record suggests that the Earth's landscape has undergone countless transformations over millions of years, shaped by the forces of erosion, plate tectonics, and climate change. By embracing this complexity, we can unlock new avenues of creativity, where art and science coalesce to reveal the intricate, ever-evolving beauty of our world. Ultimately, it is not a choice between faith and science, but rather a choice to engage with the world in all its messy, wonderful complexity.","The notion that evolution is only accepted by intellectuals and creationists are seen as unrespectable may be a narrow and outdated view. In reality, the scientific community is comprised of individuals from diverse backgrounds and faiths, each contributing their expertise to the pursuit of knowledge. The fact that evolution is widely accepted is a testament to its rigorous testing and validation through empirical evidence, not a bias against creationism. By dismissing the scientific consensus on evolution, the author may be inadvertently closing themselves off to the beauty of the natural world and the intricate complexities that govern its workings. Moreover, the idea that creationism is a more viable explanation for the world's origins is not supported by empirical evidence, but rather by a selective interpretation of biblical texts. The historical context of the biblical creation accounts reveals a rich tapestry of mythological and literary symbolism, rather than a literal, scientifically-verified account of the world's origins. By acknowledging the literary and metaphorical nature of these accounts, the author may find a deeper resonance with the spiritual themes and values they hold dear. Furthermore, embracing the scientific method and the principles of evolution can actually enhance one's understanding of the world and their place within it, rather than diminishing their spiritual experiences. By exploring the intersection of faith and science, the author may discover new ways to reconcile their spiritual beliefs with the wonders of the natural world, rather than seeing them as mutually exclusive. The complexities of human experience and the natural world cannot be reduced to simplistic dichotomies, and by embracing this complexity, the author may find a more authentic and meaningful spiritual practice. Ultimately, the pursuit of knowledge and understanding is a lifelong journey, and it is through open-mindedness, curiosity, and a willingness to challenge one's own assumptions that we may discover new truths and deepen our connection to the world around us. By embracing the messy, multifaceted nature of reality, the author may find a more profound sense of wonder, awe, and reverence for the mysteries of existence.","The assumption that young-earth creationism is inherently tied to a literal interpretation of the Bible has been a long-standing point of contention. However, this ignores the fact that many Christians have reconciled their faith with an old-earth perspective without sacrificing their commitment to God's sovereignty and providence. The ancient texts, such as the Hebrew Bible, contain layers of meaning and symbolism that are open to diverse interpretations. A nuanced understanding of biblical hermeneutics reveals that the creation account in Genesis is not a scientific treatise, but rather a poetic and theological narrative meant to convey profound truths about God's relationship with humanity. Moreover, the concept of an old earth does not necessarily contradict the idea of special creation, which remains a tenable position within the realm of Christian orthodoxy. Furthermore, the discovery of fossils and geological formations can be seen as evidence of God's creative work, rather than an indication of evolutionary processes. It is essential to consider the biblical narrative in its historical context, taking into account the cultural and scientific understandings of ancient civilizations. The notion that accepting evolution somehow undermines one's faith or intellectual credibility is a misconception that has been perpetuated by misunderstandings about the nature of science and religion. By engaging with the complexities of both fields, it becomes apparent that there is no inherent contradiction between theism and evolutionary theory.","The perception that evolution is widely accepted within the scientific community while creationism is seen as less intelligent or respectable stems from a misinterpretation of how scientific consensus is formed. In reality, scientific theories are refined and updated based on empirical evidence, not by public opinion or perceived social status. Evolutionary theory has undergone extensive scrutiny and testing over many decades, resulting in an overwhelming accumulation of evidence across multiple disciplines. The notion that creationists are less intelligent or less capable of understanding science is a gross oversimplification of the complexity involved. It ignores the fact that many scientists from diverse backgrounds and with varying expertise have contributed to our understanding of evolution. Rather than stigmatizing those who hold alternative views, it would be more productive to engage in constructive dialogue and foster an environment where individuals feel free to explore their ideas without fear of ridicule or ostracism. By promoting intellectual humility and a willingness to learn from others, we can create a richer and more nuanced understanding of the natural world.","The reliance on creation conferences and literature as primary sources for information on evolution and creationism may have provided a sense of security in one's worldview but has also limited exposure to a broader range of perspectives. The scientific community, including experts in geology, paleontology, and biology, has extensively researched and debated the mechanisms underlying evolutionary processes. Peer-reviewed journals and academic institutions have consistently demonstrated that the evidence for evolution is robust and well-supported by empirical data. Furthermore, many creationist claims about the great flood as an explanation for fossil layers are based on unverifiable assumptions and lack direct empirical support. The notion of a global flood as the primary mechanism for geological formations is no longer tenable in light of modern scientific findings. By engaging with the most current research and scholarly debates within the field, one can gain a deeper understanding of the complexities involved in evolutionary theory and the mechanisms that underlie it. It is essential to adopt a critical and open-minded approach when evaluating evidence, rather than relying on preconceived notions or unverified claims."
t3_aewypm,"The Left's arguments against the wall are basically interchangeable with the Right's arguments against gun control I was watching a YouTube video last night and was struck by how many of the arguments against a border wall in on the US border are similar to the arguments against gun control measures. But obviously these arguments come from opposite sides of the political spectrum. Take the following. They're more or less interchangeable:
• It will not actually deter crime
• People who want to do evil will still find a way to be evil
• The problem is actually smaller than the media is making it out to be
• This issue is fundamental to who we are as a country
• It's a waste of government resources
• It's a form of government overstepping its bounds
I can't imagine a contiguous, well-built wall all along the southern border would have zero effect on immigration and related crimes.","The analogy between the Left's arguments against the wall and the Right's arguments against gun control may be more instructive than initially meets the eye. Critics of the border wall argue that its effectiveness in deterring crime is overstated, while gun control opponents make similar claims about the efficacy of stricter gun laws. However, this comparison overlooks a crucial distinction: the nature of the threats being addressed. Crime along the US-Mexico border involves complex issues like human trafficking, cartel activity, and undocumented immigration, which are influenced by factors beyond individual agency or intent. In contrast, gun control measures primarily target the possession and use of firearms, not the underlying motivations or circumstances that drive violence. Moreover, the porous US-Mexico border poses a unique security risk due to its extensive geography, shared population centers, and lack of robust infrastructure. While it is true that determined individuals may find ways to circumvent any physical barrier, the wall's primary purpose is not solely to prevent crime but also to control the flow of people and goods into the country.","The assertion that left-wing arguments against the wall are interchangeable with right-wing arguments against gun control relies on a flawed assumption about the nature of opposition. Critics of the wall often emphasize the economic, environmental, and humanitarian consequences of construction, including displaced communities, deforestation, and strain on local resources. These concerns differ significantly from those raised by gun control opponents, who tend to focus on issues like individual rights, constitutional protections, and potential infringement on law-abiding citizens' freedoms. Moreover, the border wall is not a matter of ""evil people finding ways to be evil,"" but rather a complex issue involving poverty, inequality, and social injustice in both Mexico and the United States. By dismissing these concerns as ""interchangeable"" with those on the right, one overlooks the very real implications of a massive infrastructure project that would disproportionately affect marginalized communities.","The similarity between arguments against the wall and gun control measures may arise from the fact that both are attempts to address complex social issues through simplistic or binary solutions. However, the border wall is not just another symptom of an overzealous government; it represents a fundamental shift in the country's stance on immigration, sovereignty, and national identity. Critics of the wall argue that its construction would be an expensive and ineffective solution, while opponents of gun control often contend that such measures are too restrictive or draconian. Yet, both camps share a common concern for individual rights and freedoms. In fact, many proponents of stricter gun laws advocate for policies that balance personal liberties with public safety concerns. Similarly, those who argue against the wall may support more nuanced immigration reforms that balance security needs with humanitarian and economic realities. By dismissing this nuance as ""interchangeable"" with the right-wing perspective, one overlooks the very real potential for compromise and cooperation on these issues.","The comparison between arguments against the border wall and gun control measures is a useful exercise in understanding the ideological underpinnings of these debates. However, this analogy may oversimplify the complexities surrounding border security and immigration policy. While it is true that some arguments against the border wall mirror those against gun control, it is essential to consider the fundamental differences between these issues. Immigration and border security are uniquely tied to questions of national sovereignty, economic competition, and humanitarian concerns, which set them apart from the domestic policy issues like gun control. Furthermore, the border wall is not merely a matter of law enforcement or crime prevention but also involves issues of territorial integrity, national identity, and the rights of citizens.

Moreover, the analogy between the border wall and gun control may divert attention from the core concerns driving the debate. The Left's opposition to the border wall is not merely a matter of moral absolutism or ideological dogma but is rooted in concerns about the wall's efficacy, the economic costs, and the potential for exacerbating humanitarian crises. Similarly, the Right's support for the wall is not solely driven by a simplistic view of security or immigration but by a complex interplay of factors, including a desire for national sovereignty, a sense of economic competition, and a perception of the wall as a symbol of national resilience. By comparing these debates without acknowledging these underlying differences, the author may inadvertently reinforce the perception that the Left is more focused on ideological posturing than on finding practical solutions to pressing policy issues.

In addition, the border wall is not a binary issue but rather a complex policy that involves multiple stakeholders, economic interests, and humanitarian considerations. A more nuanced understanding of the debate requires considering the perspectives of border communities, indigenous peoples, and other affected groups, rather than relying solely on simplistic analogies or ideological dichotomies. By examining the border wall debate through a more multidisciplinary lens, policymakers and citizens can better understand the intricate trade-offs and competing values involved in this policy decision. This approach can foster a more informed and inclusive dialogue, one that balances the concerns of various stakeholders and acknowledges the complexities of this pressing issue.","The notion that the Left's arguments against the border wall are interchangeable with the Right's arguments against gun control is a misleading oversimplification of the complexities surrounding these issues. The concerns raised by opponents of the wall, such as its potential ineffectiveness and the diversion of resources, are valid considerations that should be taken seriously. However, these concerns are not equivalent to the Right's opposition to gun control measures, which is often rooted in a fundamental distrust of government authority and a belief in individual rights.

In contrast, the Left's opposition to the wall is driven by a desire to address the root causes of immigration, including poverty, inequality, and violence in Central America. By investing in programs that promote economic development, education, and social welfare in these countries, the US can reduce the incentive for people to migrate in search of a better life. This approach is not only more effective in the long run but also more humane and sustainable. Furthermore, the construction of a border wall would likely exacerbate these underlying issues, creating a cycle of poverty and desperation that would only perpetuate the problem.

It is also worth noting that the comparison to gun control ignores the fact that the border wall is not simply a matter of individual rights, but rather a complex issue that involves national security, economic development, and international relations. The US has a responsibility to its own citizens and to the international community to address the issue of immigration in a fair and humane manner. A wall may be seen as a visible symbol of the US's commitment to its own security and sovereignty, but it is not a solution to the underlying problems that drive immigration.

Ultimately, the comparison between the Left's opposition to the wall and the Right's opposition to gun control is a false equivalence that distracts from the real issues at hand. The focus should be on finding a comprehensive and multifaceted solution to the complex problem of immigration, one that addresses the root causes and promotes economic development, social welfare, and international cooperation.","The similarity between arguments on the border wall and gun control does not necessarily indicate a mirroring of ideologies, but rather a commonality in the human experience. People on both sides of these debates are concerned about issues of safety, security, and the role of government in their lives. However, the values and priorities driving these concerns differ. For instance, proponents of the border wall are often motivated by a desire to protect national sovereignty and prevent the entry of undocumented immigrants, whereas gun control advocates are primarily driven by a concern for public safety and the prevention of gun violence. While some may argue that these arguments are interchangeable, this perspective neglects the distinct historical, social, and economic contexts in which these issues arise. The complexities of immigration and gun violence cannot be reduced to a single, simplistic argument. It is also worth noting that the effectiveness of a border wall in preventing crime is a matter of debate, with some studies suggesting that it may actually increase the likelihood of human trafficking and other forms of organized crime. Moreover, the allocation of resources for a border wall could divert attention and funding away from more effective solutions to immigration and border security, such as increased investment in immigration processing and border patrol. The casting director is not suggesting that the border wall is the most effective solution to the issue of immigration, but rather that it is one tool among many that should be considered in a comprehensive approach to addressing the complex problems at the border. By acknowledging the diversity of perspectives and experiences on this issue, we can work towards finding common ground and developing more effective solutions that address the needs of all stakeholders. Ultimately, the debate over the border wall is not a zero-sum game, where one side's argument must be pitted against the other's; rather, it is an opportunity for constructive dialogue and collaboration towards a more just and equitable society."
t3_t9jrxv,"""My body, my choice"" is a bad argument Disclaimer: I'm pro-choice, but think that this particular argument is bad. When debating with someone, you are trying to convince them that your point of view is correct. This requires a lot of understanding on both sides. When I see people screaming ""my body, my choice"" I despair at the self-rightousness and lack of empathy for the other side. That's not to say that this doesn't happen in both directions. For most people using this argument, they do not see the fetus as a baby and therefore attribute no human rights to it. But the people that they're arguing against DO see the fetus as a human. My sister is religious, she sees every human life as a gift from God in his own image. Try to imagine how precious a thing that is to someone who genuinely believes it. It seems so strange to me to be yelling at someone that it's your body, so it's fine to kill a baby. I know that isn't how you or I see it, but that's what it looks like from a pro-life perspective. It's the kind of argument that brutal slave owners would use to justify beating their slaves given that they own them. So this argument is not going to convince anyone for your case, when what you really disagree on is the moral value of the fetus. Can a conjoined twin kill its twin with the defence ""it's my body, my choice""? Of course not, because the human right to ""do what you want with your property"" is superseded by the human right to live. I don't actually think that there's much chance of convincing someone of the opposite opinion to yours with regards to abortion. I'm just a bit sick of the villification that I see all over reddit of people with opposing views without any attempt to see the problem from their angle. 
edit: I've definitely had my view expanded and learnt a few things. Thanks for the great, insightful and respectful responses!","The ""my body, my choice"" argument, often seen as a rallying cry for reproductive rights, overlooks the complex relationships between individual organisms and their environments in the natural world. In the realm of Lepidoptera, for instance, the migratory patterns of monarch butterflies are intricately tied to the availability of food sources and habitats. If an individual monarch were to prioritize its own survival over the needs of its colony, it would compromise the collective success of the species. Similarly, in the human context, individual choices regarding reproductive health can have far-reaching consequences for the well-being of families, communities, and society at large.

While it is true that the slogan ""my body, my choice"" might be used as a simplistic justification for abortion, it is not inherently a flawed argument. Rather, it reflects a desire for autonomy and self-determination, which are fundamental human rights. The issue at hand is not the slogan itself, but rather the complex interplay of moral, social, and cultural factors that underlie the debate. By examining the parallels between species and their habitats, we can gain a deeper understanding of the intricate balance between individual agency and collective well-being.

Consider the case of the coral reef ecosystem, where the individual coral polyp's decision to expel a parasite can have a ripple effect on the entire reef community. In this context, individual choices are not solely driven by self-interest, but also by a sense of responsibility to the collective. Similarly, human individuals must navigate complex moral and social obligations when making decisions about reproductive health. The ""my body, my choice"" slogan can be seen as a call to recognize the fundamental importance of individual agency in this context, rather than as a simplistic justification for abortion.

It is also worth noting that the idea of individual rights is not inherently at odds with collective well-being. In fact, many species exhibit behaviors that prioritize the needs of the colony or community over individual survival. For example, in some species of ants, individuals will sacrifice themselves to protect their colony from predators, demonstrating a clear understanding of the interconnectedness of individual and collective well-being. By embracing this understanding, humans can work towards creating a more nuanced and empathetic dialogue around reproductive rights, one that acknowledges the complex interplay of individual agency and collective well-being.","While it's true that the phrase ""my body, my choice"" may seem dismissive of the fetus's humanity to some, it's essential to understand this slogan within the broader context of human rights and civil liberties. This phrase has its roots in the struggles of marginalized communities, where individuals have fought tirelessly for the right to self-determination and bodily autonomy. From the abolitionist movement to the women's suffrage movement, this slogan has been a rallying cry for those seeking to challenge oppressive systems and assert their rights. By reducing this phrase to a simplistic slogan, we risk overlooking the deeper historical and cultural significance it holds.

Moreover, just as the fight for civil rights has evolved over time, so too has our understanding of the fetus's humanity. While some individuals may view the fetus as a human life from the moment of conception, others may see it as a developing being with potential for growth and development. The ""my body, my choice"" phrase acknowledges the complexity of this issue, recognizing that individuals have different perspectives and values when it comes to reproductive rights. It's not about denying the fetus's humanity, but about recognizing the individual's right to make decisions about their own body and well-being.

The comparison to conjoined twins is also an oversimplification of the issue. While it's true that conjoined twins may not be able to act independently, they are still connected and share a physical existence. The fetus, on the other hand, is a separate entity with its own unique genetic makeup and potential for growth. The right to life is not necessarily a binary issue, and the complexity of human development should be acknowledged in our discussions around abortion.

Ultimately, the ""my body, my choice"" phrase is not a rejection of the fetus's humanity, but rather a call to recognize the individual's agency and autonomy in the face of systemic oppression. By understanding this phrase within its historical and cultural context, we can move beyond simplistic slogans and engage in a more nuanced and empathetic conversation about reproductive rights and the complexities of human existence.","While it's understandable that the ""my body, my choice"" argument may come across as dismissive to those who believe the fetus is a human life, it's essential to consider the context in which this phrase is often used. For many individuals, particularly those who have experienced unwanted pregnancies or have had their reproductive autonomy threatened, the phrase serves as a powerful assertion of self-determination and agency. In this sense, it's not just about the fetus's status as a human life, but about the individual's capacity to make choices about their own body and future. The phrase can be seen as a call to action, a reminder that women's lives and experiences should be at the forefront of the conversation, rather than being reduced to a simplistic debate about fetal rights.

Moreover, the conjoined twin scenario, while intriguing, doesn't necessarily undermine the principle of bodily autonomy. In fact, it highlights the complexities of consent and the need for nuanced discussions about bodily integrity. When a conjoined twin's survival is inextricably linked to its sibling's, it raises questions about the boundaries of bodily autonomy and the need for careful consideration of the individual's needs. Rather than dismissing the ""my body, my choice"" argument, we should use these complexities to deepen our understanding of the issues at hand.

It's also worth noting that the argument against the ""my body, my choice"" phrase often relies on a narrow definition of personhood that is not universally accepted. Many pro-choice advocates do acknowledge the fetus's humanity, but differ with pro-life individuals on the question of when personhood begins and what rights accompany it. By acknowledging these differences, we can create space for more constructive dialogue and explore the various moral and ethical considerations that underlie the debate. By doing so, we can move beyond simplistic slogans and toward a more thoughtful and empathetic discussion of the complex issues at stake.","A more nuanced interpretation of ""my body, my choice"" highlights its value in acknowledging the intricate web of factors that influence reproductive decision-making. When women's bodies are subject to coercion, violence, or systemic oppression, the autonomy to make choices about their own lives becomes a matter of survival. The notion that this argument is equivalent to justifying slavery or brutality ignores the lived experiences of women who have been forced into situations where they must navigate coercive systems in order to access basic healthcare.

Moreover, the example of conjoined twins does not necessarily undermine the principle of ""my body, my choice."" While it is true that laws prohibiting homicide generally supersede individual property rights, this situation involves a unique set of circumstances that are distinct from the context of abortion. Conjoined twins share physical and biological ties in ways that are fundamentally different from the relationship between a pregnant woman and her fetus.","In evaluating ""my body, my choice"" as a bad argument, it is essential to consider the broader social and cultural contexts in which abortion debates occur. The phrase itself has become a rallying cry for reproductive rights advocates, reflecting the deep-seated desire for bodily autonomy that underlies many feminist movements. While it may be true that some individuals use this slogan as a simplistic or dismissive way of silencing opposing views, others genuinely see it as a call to action  a reminder of the ongoing struggle for women's health and dignity.

Furthermore, the suggestion that this argument will not convince those with differing opinions is overly pessimistic. By engaging in respectful dialogue and acknowledging the complexities of the issue, individuals can work towards greater understanding and empathy on both sides. The fact that some people continue to villify those with opposing views without attempting to see their angle highlights a profound failure of effective communication rather than any inherent flaw in the argument itself.","The phrase ""my body, my choice"" is not inherently a bad argument. In many situations, it serves as a necessary reminder that individuals have a fundamental right to make decisions about their own bodily autonomy and well-being. This principle underlies numerous human rights, including the right to freedom from harm and the right to life. When applied to abortion, ""my body, my choice"" emphasizes the importance of considering the woman's physical and mental health, as well as her capacity to provide a safe environment for herself and her child. The notion that this argument is self-righteous or lacks empathy may stem from a misunderstanding of its underlying purpose: to assert the primacy of individual agency in matters of reproductive healthcare.

Furthermore, the idea that individuals who use ""my body, my choice"" do not see the fetus as a human being is an oversimplification. Many people who advocate for reproductive rights genuinely believe that the fetus's status as a human entity does not necessarily imply the same moral and legal protections as those afforded to a fully formed person. This perspective is supported by various medical and scientific organizations, which emphasize the complexity of fetal development and the importance of considering the broader social context in which abortion occurs."
t3_912r8u,"All decisions should be based in logic and reason So I've been reading some Kierkegaard lately, and he's a major proponent of the notion that we should not make all our decisions using reason; he believes that reason is nice and all, yet it doesn't give us what humans crave, which is meaning and purpose and happiness. He believes that humans can only attain this by making some decisions not through reason but the raw passion. I disagree. I think that we should make our decisions based in reason because that's what reason is -- the most sensible option. I think that as rational agents we are inclined to do what makes us the happiest, which would be acting on reason because it provides us with longevity and a more fulfilling contentment with life, while acting with passion leads us to make dumb errors that just give us fleeting pleasure but hurt us in the long-term. Please change my view, pardon if I couldn't articulate my view well enough.","The assumption that humans are primarily rational agents driven by reason to make decisions that lead to happiness and longevity is an oversimplification of the human experience. Research in psychology has consistently shown that emotions play a crucial role in decision-making, often preceding rational thought and influencing our choices in profound ways. For instance, studies on the neural basis of decision-making have revealed that emotional processing occurs before rational evaluation, highlighting the significant role of emotions in shaping our choices. Furthermore, the concept of emotional intelligence, which includes self-awareness, self-regulation, and empathy, is a critical aspect of effective decision-making and interpersonal relationships.

Kierkegaard's emphasis on passion as a driving force for human decision-making is not a rejection of reason, but rather a recognition of the complex interplay between rational and emotional processes. Human experiences, including those of existential crises, love, and loss, are often characterized by intense emotional experiences that cannot be reduced to rational analysis. In fact, the ability to access and express emotions is essential for personal growth, creativity, and meaningful relationships. By dismissing the importance of passion and emotions, a purely rational approach may overlook the significance of these experiences in shaping individual identities and well-being.

Moreover, the rationalist perspective often neglects the role of narratives and storytelling in shaping our understanding of the world and ourselves. Personal narratives, which are deeply rooted in emotional experiences and cultural influences, provide a framework for making sense of our lives and the world around us. By ignoring the significance of narratives, a rationalist approach may fail to account for the complex and dynamic nature of human experience, which is deeply influenced by cultural, social, and historical contexts.

Ultimately, a balanced approach to decision-making that incorporates both reason and emotion, as well as narratives and storytelling, is more likely to lead to authentic and fulfilling lives. By acknowledging the interplay between rational and emotional processes, individuals can develop a more nuanced understanding of themselves and the world, leading to more informed and effective decision-making.","The notion that decisions should be based solely in reason may be appealing, but it oversimplifies the complexities of real-world decision-making. In the fast-paced and ever-changing environment of real estate development, relying solely on reason can be a recipe for disaster. While reason provides a solid foundation, it often fails to account for the unforeseen variables that can make or break a project. A project's success is not solely determined by its logic or rationality, but also by its emotional resonance and social impact.

Consider, for instance, the importance of community engagement in the development process. A project that is well-reasoned but fails to account for the needs and concerns of the local community is likely to face significant opposition and ultimately fail. On the other hand, a project that is driven by passion and a deep understanding of the community's needs can thrive despite initial setbacks and challenges. The most successful projects are those that strike a balance between reason and passion, using data-driven decision-making to inform intuitive leaps and creative solutions.

Moreover, the assumption that reason always leads to the happiest outcome is not supported by empirical evidence. In fact, research has shown that people who prioritize happiness and well-being in their decision-making are more likely to experience long-term satisfaction than those who prioritize reason and logic. This is because happiness and well-being are often linked to a sense of purpose and meaning, which can be derived from following one's passions and values rather than solely following reason.

Ultimately, the idea that decisions should be based solely in reason is a product of a narrow and outdated view of human nature. Humans are complex beings, driven by a combination of rational and emotional factors. While reason has its place, it should be used in conjunction with passion and intuition to create a more holistic approach to decision-making. By embracing this more nuanced perspective, developers can create projects that not only succeed financially but also contribute to the well-being of the community and the environment.","While the notion of basing decisions in reason may seem appealing in theory, it neglects the intricate web of social forces that shape human behavior. Social norms, power dynamics, and cultural expectations often dictate how individuals make choices, even if they conflict with reason. For instance, in many societies, women are socialized to prioritize emotional support and nurturing over their own needs and desires, leading to decisions that may be deemed irrational in a rationalist framework. Similarly, marginalized communities may be forced to navigate systemic inequalities, making decisions that seem counterintuitive or unreasonable to those outside their experience.

Moreover, the idea that reason provides a clear path to happiness and longevity oversimplifies the complexities of human emotion and desire. People's emotional experiences are shaped by their social and cultural contexts, and what may seem like a rational decision to one individual may not be for another. The notion of passion and emotion as inferior to reason also ignores the role of embodied experience and sensory perception in shaping human understanding. By neglecting these factors, a purely rational approach to decision-making risks ignoring the very aspects of human experience that make life rich and meaningful.

Furthermore, the emphasis on reason as the primary driver of human behavior overlooks the ways in which people use rationalizations to justify their emotional choices. Rather than seeing reason and emotion as mutually exclusive, it's more productive to consider how they interact and influence one another. By acknowledging the complex interplay between rational and emotional factors, we can develop a more nuanced understanding of human behavior that takes into account the full range of influences that shape our decisions. This, in turn, can lead to more empathetic and inclusive approaches to understanding and addressing social issues.","The argument's focus on reason as the primary decision-making tool overlooks the significance of values and moral principles in shaping choices. While reason can help us weigh competing options and identify potential consequences, it is ultimately our values and sense of purpose that guide our decisions. Kierkegaard's emphasis on passion and emotion acknowledges the importance of personal conviction and commitment to one's values. By neglecting this aspect, the argument risks reducing decision-making to a purely utilitarian calculus, where individual preferences are prioritized over broader moral and social considerations. This approach can lead to decisions that may be rational in isolation but ultimately harm others or contribute to systemic injustices.","The argument's reliance on rationality as the sole arbiter of decision-making fails to account for the inherent uncertainty and ambiguity of many situations. In a world where outcomes are often unpredictable and context-dependent, relying solely on reason may lead to inflexibility and rigidity in the face of changing circumstances. Kierkegaard's notion of passion as a driver of decision-making acknowledges the importance of adaptability and responsiveness to novel situations. This perspective is particularly relevant in fields like art, science, or business, where creative problem-solving and innovative thinking are essential for progress and success.","The emphasis on reason as the sole basis for decision-making overlooks the complexities of human emotion and experience. Kierkegaard's critique of reason's limitations is rooted in a nuanced understanding of the human condition, where passion and intuition often play a crucial role in shaping our choices. By dismissing this perspective, the argument neglects the value of emotional intelligence and empathy in decision-making. Furthermore, it ignores the fact that reason itself is not a neutral or objective force, but rather a product of cultural, social, and individual influences. The pursuit of happiness through reason may lead to a prolonged sense of contentment, but it also risks overlooking the importance of short-term pleasures and experiences that bring people joy and fulfillment."
t3_4grvqa,"I believe that black people cannot be racist. Serious I believe black people can be prejudiced, but not racist. I believe this because racism is power combined with prejudice. Because black people are rarely in positions of power, they are not capable of the systematic (or unintentional) opression of a specific race. I also feel that though people individually can be prejudiced, racism is an aspect of culture, and it takes more than one person to create an environment of racism. Also, I feel that when people try to acknowledge the existence of reverse racism (blacks being racist towards whites), they themselves are trying to change the subject, and trying to ignore the real problem. By this I mean I could be talking to someone about the issue of racism in our society, and they may mention that black people can be racist too, thereby derailing the conversation and ignoring the problem at hand. 
Edit: I have seen some good arguments, and one that did change my view a decent amount. However I would like to mention that I am trying to maintain a casual discussion, and all the downvotes aren't helping. Edit 2: For clarification of some of my arguments, I think this ( article explains it pretty well.","The notion that black people cannot be racist because they are rarely in positions of power oversimplifies the ways in which power operates in society. While it is true that individuals from dominant groups often hold positions of power, this does not mean that individuals from marginalized groups are powerless. In fact, even individuals with limited formal power can still perpetuate racism through their words, actions, and choices, which can contribute to the maintenance of systemic inequalities. Furthermore, the idea that racism is a product of culture rather than individual actions is a flawed one, as cultural norms and values are often shaped and maintained by individual actions and behaviors. For example, the perpetuation of microaggressions, such as using racial slurs or making assumptions about someone's intelligence based on their race, can be a form of racism that is not dependent on formal power.

Moreover, the notion that black people being racist towards whites is a form of reverse racism is a myth that has been debunked by scholars and social justice advocates. This argument is often used to deflect from the systemic and institutionalized nature of racism and to shift the focus away from the experiences of marginalized groups. By acknowledging the existence of reverse racism, it is not necessary to ""derail the conversation"" or ignore the problem of racism, but rather to recognize that racism is a complex and multifaceted issue that affects individuals from all racial backgrounds. In fact, exploring the experiences of black people who are racist towards whites can provide valuable insights into the ways in which racism can be internalized and perpetuated within marginalized groups, and how it can be addressed and challenged.

The idea that individuals from marginalized groups cannot contribute to racism because they are not in positions of power also ignores the ways in which power operates through social relationships and interactions. For example, a black person who makes racist comments towards a white person may not have formal power, but their words can still have a significant impact on the white person's experience and sense of self-worth. Similarly, a black person who benefits from racist stereotypes or microaggressions can perpetuate and reinforce these systems of oppression, even if they do not hold formal power. By recognizing the ways in which power operates in these subtle and unintentional ways, we can begin to understand the complex and multifaceted nature of racism and work towards creating a more just and equitable society.","The notion that black people cannot be racist due to their limited positions of power overlooks the complex and insidious nature of racism, which can manifest in subtle and pervasive ways that transcend traditional power dynamics. For instance, microaggressions, implicit bias, and internalized racism can be perpetrated by individuals from marginalized groups, often without their conscious awareness or intention. Research has shown that people of color, particularly those who have internalized dominant cultural norms, can perpetuate racism through their words, actions, and even well-intentioned but misguided efforts to address systemic racism. This phenomenon highlights the intricate relationship between individual attitudes, cultural norms, and systemic power structures, which can lead to the perpetuation of racism within marginalized communities.

Moreover, the idea that racism is an aspect of culture that requires a collective effort to create an environment of racism is an oversimplification of the complex dynamics at play. Cultural norms and social structures can be shaped by individual actions and attitudes, and individuals from marginalized groups can play a significant role in perpetuating or challenging these norms. Furthermore, the notion that acknowledging the existence of reverse racism is a derailment of the conversation on systemic racism ignores the importance of recognizing the diversity of experiences within marginalized communities. By acknowledging the complexities of racism and its manifestations within all groups, we can work towards a more nuanced understanding of the issue and develop more effective strategies for addressing it.

The emphasis on power dynamics alone also overlooks the ways in which individuals from marginalized groups can internalize and perpetuate dominant cultural norms, even when they are not in positions of power. For example, research has shown that people of color can perpetuate racist stereotypes and biases, often as a result of internalized racism or a desire to fit in with dominant cultural norms. This highlights the need to examine the complex interplay between individual attitudes, cultural norms, and systemic power structures, rather than relying on simplistic notions of power dynamics. By acknowledging the complexities of racism and its manifestations within all groups, we can work towards a more nuanced understanding of the issue and develop more effective strategies for addressing it.","While the idea that racism is solely a product of power dynamics and cultural norms may seem convincing, it overlooks the countless instances of racism that occur within marginalized communities. The fact that black people are rarely in positions of power does not preclude them from being racist. In fact, internalized racism within communities of color can be just as damaging as external racism. For example, the historical legacy of slavery and Jim Crow laws has led to a complex web of internalized racism within the black community, where individuals may hold racist attitudes towards other black individuals who are perceived as being ""too white"" or ""uppity."" This type of racism can be just as insidious as the racism perpetuated by those in positions of power.

Furthermore, the notion that racism is an aspect of culture that requires a group effort to create is not accurate. Racism is a complex and multifaceted issue that can be perpetuated by individuals, institutions, and systems of power. While it is true that systemic racism is often perpetuated by those in positions of power, it is also true that individual actions and attitudes can contribute to the perpetuation of racism. For instance, a black person who uses racist slurs or stereotypes towards another black individual is still perpetuating racism, regardless of their social status.

Moreover, the idea that acknowledging reverse racism is an attempt to ""change the subject"" and ignore the real problem is a mischaracterization. In fact, discussing reverse racism can help to shed light on the complexities of racism and the ways in which it affects individuals and communities of color. By acknowledging the experiences of black people who are racist, we can gain a deeper understanding of the ways in which racism operates and how it can be addressed. This is not about derailing conversations about racism, but rather about having a more nuanced and comprehensive understanding of the issue.

Ultimately, the original argument oversimplifies the concept of racism and neglects the agency and experiences of marginalized communities. By acknowledging the complexities of racism and the ways in which it affects individuals and communities of color, we can work towards a more inclusive and equitable society.","Racism is often defined as prejudice plus power, which may be true in certain contexts; however, it overlooks the ways in which black people have been historically positioned as ""other"" within societal narratives. This structural position can give rise to feelings of resentment, anger, or frustration that might be misinterpreted as racism. When individuals from marginalized groups exhibit these emotions towards those who benefit from systemic inequalities, they are often criticized for being ""angry"" rather than recognized as legitimate critics of oppressive systems. The notion that black people cannot be racist because they lack institutional power disregards the impact of intergenerational trauma, historical injustices, and ongoing marginalization on individual psyches and collective identity. Furthermore, it ignores the ways in which racism can be internalized, perpetuating harm within communities rather than solely through external expressions. This is not to excuse or justify racist behavior but to highlight the complexity of human emotions and experiences that intersect with systemic inequalities.","The assumption that racism requires systemic power to exist overlooks the role of ideology in shaping attitudes and behaviors. Racism can be deeply ingrained within cultural narratives, perpetuated through subtle language, symbols, or actions that reinforce dominant ideologies. When black people express racist attitudes towards whites, it often stems from internalized oppression, self-hatred, or feelings of inadequacy born from systemic inequality. Rather than dismissing these expressions as invalid or ""derailing"" conversations about racism, we should recognize them as symptoms of a broader societal issue: the devaluation and marginalization of black people within dominant cultures. This does not diminish the legitimacy of claims about systemic racism but rather underscores the need to address these underlying issues to create a more inclusive understanding of oppression.","The notion that black people cannot be racist because they are rarely in positions of power oversimplifies the complex dynamics of racism. It ignores the fact that individuals can exert influence and perpetuate systemic inequalities even outside formal positions of authority. Moreover, it neglects the ways in which prejudice can manifest itself within personal relationships, social networks, and cultural norms. The argument also relies on a binary understanding of power, failing to account for how marginalized groups can still wield significant influence through subtle forms of resistance or grassroots organizing. It's essential to recognize that racism is not solely the domain of those who hold institutional power; it can also be exercised by individuals within their own communities and social circles. Furthermore, the idea that blacks being racist towards whites somehow ""derails"" conversations about systemic racism dismisses the valid concerns and experiences of white people who face discrimination. In reality, acknowledging and addressing reverse racism does not undermine the struggle against systemic racism but rather acknowledges its existence and seeks to create a more inclusive understanding of oppression."
t3_17fhiq8,"college tuition is not a parents responsibility Once you're 18, you are an adult. If there is any education that you would like to pursue out of high school that is completely your responsibility, and if you have parents that want to help you, consider yourself lucky. Parents are responsible for your education and welfare while you are still a child because you are unable to fend for yourself. If your parents did their job right, you will have the skills to save up after high school or apply for a scholarship.The entitlement of having your parents help you after you graduate is really selfish. You shouldn't have the expectation and if you receive the help, you should be very grateful and make sure that their investment is worthwhile by applying yourself and not wasting valuable study hours by getting drunk, partying and doing immature foolishness...and actually sticking with your major instead of ""finding yourself"" on their dime.","The notion that college tuition is not a parent's responsibility after the age of 18 oversimplifies the complex interplay between individual agency and environmental factors that shape an individual's life trajectory. Just as the migratory patterns of Neotropical moths are influenced by factors such as climate, geography, and availability of food sources, human development is influenced by a multitude of factors, including family, education, and socioeconomic status. The expectation that individuals should be entirely self-sufficient after high school ignores the reality that many young adults face significant challenges in accessing higher education, including financial barriers, lack of access to information, and limited social networks. In fact, research has shown that students from lower-income backgrounds who receive financial support from their families are more likely to graduate from college and achieve economic mobility.

Furthermore, the idea that individuals should be grateful for parental support and apply themselves to justify this investment assumes a binary understanding of success, where individuals are either successful or unsuccessful, with little consideration for the nuances of human experience. However, in reality, many students face unexpected challenges, such as illness, family crises, or mental health issues, that can impact their academic performance and ability to apply themselves. In these cases, parental support can be a lifeline, enabling students to overcome obstacles and stay on track. By providing a safety net, parents can help their children develop resilience, problem-solving skills, and a growth mindset, essential qualities for navigating the complexities of life.

Moreover, the emphasis on self-reliance can be counterproductive, leading to feelings of isolation, anxiety, and burnout. In the natural world, individuals within ecosystems often rely on each other for mutual support, and humans are no exception. By recognizing the importance of community and support, we can create a more inclusive and compassionate society that acknowledges the complexities of human development and the role of upbringing in shaping individual outcomes. Ultimately, the relationship between parents and their children is a symbiotic one, where both parties give and receive support, and it is this mutual understanding that allows individuals to thrive and reach their full potential.","The notion that parents' financial support for their children's education ceases at the age of 18 neglects the complexities of modern economic realities. With rising tuition costs, stagnant wages, and uncertain job markets, many young adults face significant barriers to achieving financial independence. While it is true that parents should instill in their children the skills necessary to manage their finances and make informed decisions, this does not mean that young adults are entirely responsible for their financial circumstances. In fact, many students from low-income backgrounds may require parental support to pursue higher education, as they lack the financial resources to do so otherwise.

Moreover, the assumption that young adults should be entirely self-sufficient by 18 overlooks the fact that many students require time to explore their interests, identify their strengths, and develop a clear career path. The college years are a critical period of self-discovery, during which students learn to navigate their passions, values, and goals. By requiring students to bear the full financial burden of their education, we may inadvertently stifle their creativity, innovation, and potential for long-term success. Furthermore, this approach may also perpetuate existing socioeconomic inequalities, as those from more affluent backgrounds will have greater access to financial resources and networking opportunities.

In contrast, providing a safety net for students in the form of parental support or financial aid can actually foster a sense of responsibility and motivation. When students know that they have a support system to fall back on, they are more likely to take calculated risks, pursue their passions, and invest in their education. By sharing the financial burden, parents and students can work together to create a more sustainable and equitable education system that benefits everyone involved. This approach also acknowledges the value of education as an investment in both individuals and society as a whole, rather than solely viewing it as a personal financial burden.","While it is true that parents are responsible for providing for their children's welfare during their formative years, it is essential to acknowledge the changing economic landscape and the increasing burden of student loans that many students face. A growing number of young adults are entering the workforce with significant debt, which can limit their ability to start a family, buy a home, or achieve long-term financial stability. Rather than viewing parental support beyond high school as a privilege, it could be seen as a necessary investment in the future of the country. Research has shown that individuals with higher levels of education tend to contribute more to the economy, pay higher taxes, and experience better health outcomes, ultimately benefiting society as a whole.

Moreover, the idea that students who receive parental support are being entitled is a misconception. Many students who rely on parental support are not doing so because they are lazy or unmotivated, but rather because they come from families with limited financial resources. In fact, a study by the Federal Reserve found that in 2020, nearly 40 of households with incomes below 40,000 had outstanding student loan debt. By providing support, parents are not coddling their children, but rather helping them to achieve a better life, which in turn benefits the community and the economy.

Furthermore, the notion that students should be grateful for parental support and make the most of it by avoiding ""immature foolishness"" is overly simplistic. Young adults are capable of making their own decisions and choices, and it is not necessarily true that they will squander parental support if given the opportunity. In fact, many students who receive parental support go on to excel academically and professionally, contributing to society in meaningful ways. By providing support, parents are not just investing in their children's education, but also in the future of the country.

It is also worth noting that parental support can have a positive impact on students' mental health and well-being, which is essential for their academic success and overall quality of life. A study by the American Psychological Association found that students who receive financial support from their parents tend to experience lower levels of stress and anxiety, which can hinder academic performance. By providing support, parents are not just helping their children to achieve academic success, but also promoting their overall well-being.

Ultimately, the expectation of parental support beyond high school is not a form of entitlement, but rather a recognition of the fact that education is a critical investment in the future of the country. By providing support, parents are helping to create a more educated, productive, and prosperous society, which benefits everyone.","The assumption that adults are solely responsible for their own education and financial well-being is overly simplistic, particularly in the context of rising college costs. In a society where the cost of living and access to higher education continue to increase, it's unrealistic to expect individuals to cover these expenses entirely on their own. Moreover, research has shown that parental support can have a significant impact on a student's academic success and overall well-being. For instance, students who receive financial assistance from their parents tend to perform better academically and experience lower levels of stress and anxiety. Furthermore, the notion that ""if your parents did their job right"" implies that education is solely the responsibility of parents, which neglects the complexities of real-world circumstances. Many individuals face barriers such as poverty, disability, or caregiver responsibilities that prevent them from taking on the full financial burden of higher education. In these cases, the expectation that they should be entirely self-sufficient is not only unreasonable but also ignores the structural inequalities that exist in our society.","The idea that parents are no longer responsible for their children's education after they turn 18 is based on an overly narrow definition of childhood and adulthood. In reality, many young adults continue to rely on their families for financial support, housing, or emotional well-being due to various circumstances such as unemployment, underemployment, or delayed entry into the workforce. Furthermore, this view neglects the fact that higher education is often a necessary step towards achieving economic stability, social mobility, and personal fulfillment. By insisting that individuals should be entirely self-sufficient after high school, we risk creating a class of young adults who are forced to make impossible choices between pursuing their educational goals or taking on unsustainable financial burdens. In contrast, providing some level of parental support can help alleviate these pressures and allow students to focus on their studies, personal growth, and future prospects.","The original argument relies heavily on the idea that individuals should be grateful for any help they receive from their parents and should reciprocate by making wise decisions with their education. However, this perspective overlooks the fact that many students are not simply looking to ""waste"" valuable study hours or indulge in reckless behavior but rather navigate complex personal struggles, academic pressures, and social expectations. For example, students who face mental health issues, trauma, or family conflicts may require additional support to succeed academically. Moreover, the notion that individuals should be entirely self-directed in their educational choices ignores the role of systemic inequalities, such as limited access to quality education, mentorship, and career opportunities. By expecting students to solely take responsibility for their own success, we risk perpetuating a narrative that blames the individual rather than addressing broader social and economic issues."
t3_12um7nd,"Jars with twist-off lids are a stupid way to package products youre going to use in the shower Recently, my favorite brand of conditioner was discontinued. It came in a plastic bottle with a flip-open spout built into the lid. This was very convenient to use because I could flip open the lid and squirt the product into my free hand. Then I could close the spout against my side, or if I just set the bottle down that worked too, because almost no water would get in down the spout. But now I have to find a new conditioner, and so I tried one that comes in a jar with a twist-off lid. I have some styling products packaged this way, so I didnt think anything of it, but come to find out, its a terrible way to package products Intended for use in the shower. It takes me both hands to open, if I set down either the jar or the lid, a lot of water gets in, it should really be on a shelf but a lot of people (myself included) dont have one in their shower. Ive been setting it on that little step thats for your foot, but then I cant use it as a step. I just dont see why anyone would package shower products this way. Did they not do any consumer testing? Do some of you like having to juggle a lid and an open jar in the shower? What am I missing here? ?","Perhaps the original author's frustration with twist-off lids for shower products stems from a fixed mindset that prioritizes short-term convenience over long-term sustainability. However, as a chef, one learns to appreciate the beauty of simplicity and functionality in the kitchen. A twist-off lid may require a slight adjustment in handling, but it also presents an opportunity to reassess one's shower setup and explore alternative storage solutions. For instance, a shower caddy or a suction cup holder could provide a convenient and secure place to store the jar, eliminating the need for makeshift solutions like a foot step.

Moreover, considering the environmental impact of packaging is crucial. Many shower products come in single-use plastic bottles with complex dispensing systems, contributing to plastic waste and microplastics in our waterways. A jar with a twist-off lid, made from recyclable materials, could be a more environmentally friendly option. By adopting this perspective, consumers can reevaluate their priorities and opt for products that align with their values.

It's also worth noting that the original author's experience with the twist-off lid might be an isolated incident, and there are likely other products that have successfully incorporated this design. Perhaps a product with a larger lid or a more ergonomic design could alleviate the issues encountered. Furthermore, manufacturers may be exploring alternative materials or designs that address the author's concerns, and it's essential to give them the opportunity to innovate and improve.

Ultimately, the twist-off lid may require a slight adjustment in behavior, but it's a small price to pay for the potential benefits of reduced waste and easier storage. By embracing this design, consumers can contribute to a more sustainable future and foster a more open-minded approach to product packaging.","The issue with jars with twist-off lids in the shower is not just about convenience, but also about creating an immersive experience that engages the senses. Imagine a product that not only meets the consumer's needs but also becomes an integral part of their daily ritual. The twist-off lid, rather than being seen as a hindrance, can be a design feature that invites the user to interact with the product in a more tactile and mindful way. By incorporating a unique design element, such as a textured or patterned lid, the product can become a sensory experience that enhances the user's shower time.

For instance, consider a product that incorporates a scent-infused lid, releasing a subtle aroma as the user twists it off. This can create a multisensory experience, engaging the user's sense of smell and creating a more intimate connection with the product. Alternatively, a lid with a unique shape or color can add a pop of personality to the product, making it a statement piece in the shower. This type of design thinking can turn a functional necessity into a design element that becomes a reflection of the user's personal style.

Furthermore, the fashion designer might argue that the twist-off lid can be seen as a canvas for artistic expression. By using different materials, colors, or patterns, the lid can become a miniature work of art that adds a touch of whimsy to the shower experience. This approach can blur the lines between product and art, creating a unique and memorable experience for the user. By reimagining the twist-off lid as a design element, the product becomes more than just a functional item  it becomes a statement piece that reflects the user's personality and style.

Ultimately, the twist-off lid is not a design flaw, but an opportunity to create a product that engages the senses and becomes an integral part of the user's daily routine. By embracing the design challenge, the fashion designer can create a product that not only meets the consumer's needs but also inspires creativity and self-expression.","While the author's frustration with jars featuring twist-off lids is understandable, it's essential to consider the broader benefits of this packaging style. In the world of film and theater, versatility and adaptability are crucial qualities for actors to possess. Similarly, twist-off lids offer a flexible solution for consumers, allowing them to easily open and close the jar with one hand, even in the shower. This convenience may be particularly valuable for individuals with mobility issues or those with limited dexterity, who might struggle to manage jars with flip-open spouts or other types of lids.

Furthermore, the author's suggestion that jars with twist-off lids should be kept on a shelf due to the risk of water entering the container is a narrow perspective. In reality, many consumers, like the author, do use these products in the shower, and twist-off lids can be just as effective as other types of lids in preventing water ingress. The key difference lies in how the jar is positioned and handled, not in the type of lid used. By considering the needs of a wider range of consumers, manufacturers can design packaging that meets the requirements of various users, including those who prefer to use their products in the shower.

In addition, the author's criticism of the packaging design without considering the potential benefits of twist-off lids overlooks the importance of innovation and experimentation in product development. Companies may be exploring alternative packaging solutions to traditional flip-open spouts, and twist-off lids can provide a more convenient and user-friendly experience for consumers. By embracing new packaging designs, manufacturers can stay ahead of the competition and meet the evolving needs of their customers. In this context, the author's rejection of jars with twist-off lids may be seen as a short-sighted response to a complex problem.","Packaging design decisions often involve trade-offs between competing priorities such as product protection, consumer convenience, and environmental sustainability. Jars with twist-off lids may not be the most practical choice for products used in the shower, but they can excel in other areas. For example, jars are well-suited for products that require precise dispensing or need to maintain a stable environment, such as serums or creams. In these cases, the benefits of jars with twist-off lids outweigh any potential drawbacks, demonstrating that their design is not universally flawed.","The argument against jars with twist-off lids in the shower may stem from a lack of familiarity or understanding of how these products can be used effectively. The issue of having to juggle a lid and an open jar is not unique to jars, as many products require manual operation to dispense their contents. Users can adapt by using a suction cup holder or placing the jar on a stable surface, eliminating the need for hand manipulation. This approach would enable the safe use of jars with twist-off lids in the shower without compromising convenience.","The convenience of a jar with a twist-off lid may be compromised in the shower, but its benefits extend far beyond this specific use case. In reality, jars with twist-off lids offer numerous advantages that could offset any minor inconvenience experienced in the shower. For instance, they are often more cost-effective and environmentally friendly than plastic bottles with flip-open spouts. Additionally, jars can be reused and repurposed, reducing waste and promoting sustainability. Furthermore, jars are generally easier to recycle than plastic containers. It's possible that the original author overlooked these benefits or prioritized convenience over environmental responsibility."
t3_131e4nd,"Urinals should have toilet paper within reach. You can shake all you want, and you can attempt to get close, but you know that pee is going on the floor and in your underwear. I am advocating men have accessible toilet paper on location at every urinal. This will promote a sterile environment as well as sparing us the humiliation of leaking pee into our tighty whities and on to the floor. How nasty is it when you try to pee in a public restroom and theres already a puddle in front of it, and it becomes a cycle of pee where every new urinator has to pee further and further away because the puddle becomes bigger with each urinator? How uncomfortable is it when you have to accept after-pee leakage and either continue your day or shimmy to the paper towel dispenser like a man in a three legged race with himself? If there are any holes in this logic, I would  to hear from you. Thank you kindly for your time.","In public restrooms where accessibility and convenience are paramount, prioritizing the installation of toilet paper at each urinal might inadvertently address symptoms rather than root causes. Research has shown that a significant number of ""pee puddles"" result from poor drainage systems in restrooms rather than insufficient toilet paper supply. Installing paper towels or additional absorbency measures would only mask underlying issues with restroom design and maintenance. Rather than focusing solely on user convenience, facilities could reassess their plumbing infrastructure to effectively mitigate the causes of these incidents. This would ensure a safer, cleaner experience for users without the need for extensive adjustments to urinal design or installation. By addressing the source rather than symptoms, restrooms can provide an optimal environment that balances accessibility and hygiene.","The idea of providing toilet paper at every urinal may seem appealing, but it could potentially undermine the fundamental purpose and design of a urinal. Designed to promote efficiency and minimize contact with bodily fluids, providing toilet paper would introduce an element that contradicts these principles. Furthermore, placing toilet paper at every urinal could create a slippery slope where users begin to rely on it for hygiene rather than proper wiping techniques after using the restroom. This habituation could lead to increased waste and a lack of personal responsibility in maintaining cleanliness and hygiene. Moreover, implementing this change would require significant adjustments to infrastructure and potentially increase maintenance costs. Considering these factors, providing toilet paper at every urinal may not be as practical or desirable an option as initially thought.","The perceived ""humiliation"" associated with leaking pee into tighty whities and puddles in public restrooms stems from societal norms and expectations surrounding masculinity, rather than any inherent problem with urinal design. Cultural narratives around male modesty and vulnerability often discourage open discussion of bodily functions and hygiene practices, making users feel ashamed or embarrassed about these normal aspects of human experience. Rather than advocating for more toilet paper at urinals, efforts could be directed toward promoting a culture where users feel comfortable discussing their needs and openly addressing issues such as poor restroom design or maintenance. By challenging societal norms that contribute to these feelings of shame, users can enjoy a cleaner, more accessible environment without the need for additional infrastructure changes.","The idea of placing toilet paper at urinals may seem like a practical solution to a common problem, but it could also stifle the opportunity for more creative and innovative designs in public restrooms. By embracing the impermanence of urine on the floor, designers can create spaces that not only reflect the imperfections of everyday life but also promote a sense of community and shared experience. Think of the intriguing contrast between the sterile, untouched surface of a urinal and the splashes of color created by the inevitable spills. This juxtaposition could become a thought-provoking and visually striking aspect of the public restroom experience.

Furthermore, the presence of toilet paper at urinals could detract from the experience of walking into a public restroom, which could be transformed into an opportunity for surprise and discovery. Designers could instead focus on creating a space that tells a story through the materials, textures, and colors used, inviting users to engage with the environment on a deeper level. For example, the use of natural materials, such as reclaimed wood or woven fibers, could create a sense of warmth and coziness, making the experience of using a public restroom feel more intimate and personal.

Moreover, the addition of toilet paper at urinals might lead to a sense of complacency and familiarity, rather than encouraging users to engage with the space in a more meaningful way. By embracing the imperfections of the urinal experience, designers can create a space that challenges users to think critically about the role of public spaces in our lives. Ultimately, the decision to place toilet paper at urinals should not be driven by a utilitarian desire to avoid mess, but rather by a desire to create spaces that inspire and engage us on a deeper level.","While the idea of having toilet paper at every urinal may seem like a practical solution to the issue of public restroom hygiene, it is essential to consider the potential consequences of such a measure on the local ecosystem. As an entomologist specializing in Lepidoptera, it is crucial to recognize that certain moth species, such as the clothes moth (Tineola bisselliella), thrive in environments with high humidity and moisture. The presence of water on the floor from the urinal could inadvertently create an ideal habitat for these moths, leading to an increase in their populations and potentially causing problems for the local ecosystem. Furthermore, the introduction of toilet paper at every urinal could also lead to an increase in the presence of other pests, such as cockroaches and ants, which are attracted to food sources and moisture.

Moreover, it is worth considering the long-term consequences of creating a sterile environment in public restrooms. While it may seem beneficial to minimize the presence of moisture and potential allergens, such as dust and mold, the absence of these elements could have unintended effects on the local ecosystem. For example, the absence of moisture could lead to the decline of certain species of fungi and bacteria that play a crucial role in decomposing organic matter and recycling nutrients. This, in turn, could have a ripple effect on the entire food chain, potentially leading to an imbalance in the local ecosystem.

In addition, it is essential to consider the cultural and social implications of having toilet paper at every urinal. While it may seem like a practical solution, it could also lead to a change in behavior among users, who may become less careful in their aim and more reliant on the toilet paper to clean up spills. This could ultimately lead to a decrease in overall hygiene and an increase in the presence of bacteria and other microorganisms in the restroom.

Ultimately, a more holistic approach to addressing the issue of public restroom hygiene is needed. Rather than introducing a new solution that could have unintended consequences, it would be more beneficial to focus on improving existing infrastructure and user behavior. This could include installing more efficient drainage systems, providing adequate ventilation, and educating users on proper hygiene practices. By taking a more comprehensive approach, we can create a cleaner and healthier environment for both humans and the local ecosystem.","While the idea of having toilet paper within reach at every urinal might seem like a practical solution to the frustration of public restroom mishaps, it would actually undermine the very essence of the experience. Public restrooms are a testing ground for humanity, where the most mundane tasks become absurd and hilarious. By attempting to sanitize the experience, we risk losing the comedic goldmine that these situations offer. The image of a man struggling to reach the urinal, only to end up with pee on his shoes, is a relatable and laugh-out-loud moment that would be lost in a sterile, paper-lined environment.

Moreover, the absurdity of public urinals is a character-builder, teaching people to be adaptable, quick-thinking, and resourceful. It's a rite of passage that every man (and woman) must endure, and one that shapes their perspective on life. By stripping away this challenge, we would also strip away the opportunity for character development and growth that comes with navigating these difficult situations. Think of the countless comedians and writers who have drawn inspiration from the struggles of public restrooms. Would we want to deprive future generations of this rich source material?

Furthermore, the proposed solution would also create a new set of problems. Imagine the mess and inconvenience of constantly restocking and maintaining a supply of toilet paper at every urinal. The logistics alone would be a nightmare, not to mention the potential for waste and environmental impact. It's a Band-Aid solution that would simply shift the problem from one area to another.

In the end, the quirks and frustrations of public restrooms are a necessary part of life, and one that should be celebrated rather than mitigated. By embracing the absurdity of these situations, we can find humor, inspiration, and character in the most unexpected places."
t3_3tlj3b,"Food is that which is improved by bacon I used to have a theory of food that said it was separated into 2 distinct food groups: things that are improved by the addition of chocolate, and things that are improved by the addition of garlic. Food always belongs to exactly one of these groups. This was a perfectly adequate theory, and it stands today except for some corner cases. Much like Newton's Laws aren't really invalidated by Relativity. But there were gaps in this theory. Bread (among others) is improved by both. Grapefruits and lemons, arguably, are improved by neither, though that seems to be a matter of individual taste. Enough of these exceptions crept in that I was motivated to devise a Grand Unified Theory of Food: Food consists of things that are improved by the addition of bacon. Note that this doesn't mean that all bacon types improve all food types. Food that is already sufficiently or excessively salty would not be improved by adding salt-cured bacon. But it would be improved by smoked uncured bacon. Nor, necessarily, does the bacon have to be an improvement if mixed in with the food item... Eating it alongside is acceptable. Emeril Lagasse is famous for a corollary of this theory: Pork Fat Rules!!! While that's an appeal to authority, he's not exactly an irrelevant authority. Things that would change my view include something that I would agree is ""food"" that is not improved by the addition of bacon. Or a better theory of what is food that doesn't involve bacon at all. (Note: while somewhat tongue-in-cheek, and no doubt offensive to vegans, this actually is a view I hold). 1) Anything that is sufficiently like bacon (e.g. properly salted and wood-grilled wagyu steak), but has its own subtle flavor is unlikely to be improved much if at all by bacon. 2) There are clearly non-foods that bacon improves, so the theory is busted just from that.","The idea that food can be improved by the addition of bacon is a narrow and limited concept, one that fails to account for the vast array of global cuisines and flavors. The original theory posits a universal truth about food, yet it relies heavily on Western culinary traditions and ignores the rich culinary heritages of Asia, Africa, and the Middle East. For instance, in Korean cuisine, kimchi is a staple condiment that pairs perfectly with a variety of dishes, including spicy soups, stews, and salads, without needing any bacon. Similarly, in Indian cuisine, chutneys and raitas are commonly used to add flavor and texture to various dishes, often incorporating ingredients like yogurt, herbs, and spices. These examples demonstrate that the enhancement of food can occur through countless combinations of flavors, textures, and ingredients beyond just bacon. Moreover, this theory overlooks the significance of cultural context in determining what constitutes ""food"" or an ""improvement."" In some cultures, food is not just a means of sustenance but also a medium for social bonding, ritual, and storytelling. Thus, the notion that bacon can universally improve all foods falls short as it fails to consider the complexities of human experience and culture.","The notion that all foods must belong to one of two categories  those improved by chocolate or garlic, and now, allegedly, those improved by bacon  is not only simplistic but also misleading. This framework implies that food preferences are binary and absolute, rather than complex and subjective. Human taste experiences vary greatly across cultures, socioeconomic backgrounds, and individual differences in genetics, environment, and upbringing. The concept of a single ""improving"" ingredient like bacon reinforces an either-or mentality that disregards the multifaceted nature of culinary experience. In reality, food combinations can yield a wide range of effects depending on factors such as context, expectation, and cultural familiarity. For instance, adding bacon to a classic salad may be seen as innovative by one person while ruining it for another. By recognizing this variability, we can create more inclusive and nuanced theories that account for the diverse ways people engage with food and flavor.","The theory of food being improved by the addition of bacon relies heavily on a flawed assumption: that flavor is solely dependent on the presence or absence of bacon. However, this ignores the intricate chemistry and biology involved in human taste perception. Taste is a multifaceted sensation influenced by factors like texture, aroma, temperature, and psychological associations. A robust meal can be ruined by an overabundance of salt or sugar, yet no amount of bacon will salvage it. Conversely, a simple dish like grilled vegetables can be elevated to new heights through the strategic pairing of complementary flavors and textures. This approach does not necessitate the presence of bacon; instead, it requires a nuanced understanding of flavor dynamics and the human palate. Furthermore, focusing solely on bacon's role in improving food overlooks the significant contributions of other culinary elements like acidity, umami, and pungency. These often overlooked nuances can be just as transformative to a dish as the addition of bacon.","The Grand Unified Theory of Food, which posits that all food can be improved by the addition of bacon, is an entertaining notion, but it falls short in its failure to consider the rich diversity of global cuisines. The theory overlooks the fact that many traditional and revered dishes from around the world rely on a wide array of ingredients, each with its own unique flavor profiles and cooking methods. For instance, the bold spices and chilies of Indian cuisine, the umami-rich miso and soy of Japanese cuisine, or the bright, tangy flavors of Mexican cuisine, all of which are elevated by ingredients other than bacon. By dismissing these culinary traditions as exceptions to the rule, the theory fails to account for the complexity and depth of human culinary experience.

Furthermore, the theory's reliance on bacon as a universal panacea is limiting and restrictive, stifling the creativity and innovation that comes from experimentation and exploration of new ingredients and flavors. A chef who is solely focused on adding bacon to their dishes is missing out on the opportunity to discover and highlight the nuances of other ingredients, from the sweetness of Southeast Asian mangoes to the earthy richness of Middle Eastern spices. This narrow focus can also lead to a lack of understanding and appreciation for the cultural and historical context of different cuisines, which is essential for true culinary understanding and growth.

Moreover, the theory's failure to account for regional and cultural variations in flavor preferences and ingredients is a significant flaw. What is considered ""good"" or ""improved"" by the addition of bacon in one culture may be viewed as unusual or even unpleasant in another. This highlights the importance of considering the specific cultural and geographical context in which food is consumed, rather than relying on a one-size-fits-all theory. By embracing the diversity of global cuisines and ingredients, chefs and food enthusiasts can gain a deeper understanding of the complexities and nuances of food and cuisine, and create more innovative and authentic dishes that reflect the rich tapestry of human culinary experience.","The pursuit of a Grand Unified Theory of Food, while an entertaining thought experiment, overlooks the rich complexity of culinary experiences. Just as a painter might use a variety of colors to create a masterpiece, a chef employs an array of flavors, textures, and aromas to craft a dish. By elevating bacon to the status of a singular, unifying force, this theory neglects the diversity of human tastes and the ever-changing nature of culinary trends. For instance, the same flavors that bacon brings to a dish might be replicated by other ingredients, such as the smokiness of grilled portobello mushrooms or the savory depth of caramelized onions. Moreover, different cultures and cuisines have their own distinct flavor profiles that cannot be reduced to a single ingredient.

Furthermore, the theory's reliance on exceptions, such as bread being improved by both chocolate and garlic, undermines its overall validity. If exceptions exist, why not acknowledge the inherent subjectivity of taste and the role of personal experience in shaping our perceptions of food? The Grand Unified Theory of Food appears to be more of a tongue-in-cheek exercise than a genuine attempt to understand the nature of culinary experiences. By embracing this complexity, we might uncover new and innovative ways to combine flavors, textures, and aromas, leading to a more vibrant and dynamic culinary landscape.

In the world of fashion, designers often draw inspiration from the natural world, observing the intricate patterns and colors of leaves, flowers, or landscapes. Similarly, chefs can find inspiration in the beauty of food itself, the way a perfectly roasted vegetable can evoke the colors of a sunset or the delicate petals of a flower. By rejecting the bacon-centric theory, we might rediscover the inherent beauty and diversity of food, leading to a more nuanced understanding of the culinary arts.","While the idea of grouping foods based on their potential improvement by bacon is an amusing and creative take, it falls short in capturing the complexity of culinary experiences. Food is not simply a matter of adding a single ingredient to enhance its flavor; it's about the intricate balance of textures, flavors, and aromas that come together to create a dish. Just as a successful actor must embody a range of traits to convincingly portray a character, a dish requires a harmonious blend of ingredients to be truly exceptional. Relying solely on bacon as the unifying factor overlooks the diversity of human palates and the countless ways in which different flavors and textures can complement or contrast with one another.

Furthermore, the original theory fails to account for the vast array of non-culinary contexts in which food plays a significant role. Think of the cultural and symbolic significance of food in various societies, the emotional connections we form with food during special occasions, and the importance of food in shaping our identities and communities. These aspects of food cannot be reduced to a single ingredient or flavor profile. Just as a talented actor must be able to convey the subtleties of their character's emotional depth, a comprehensive theory of food must acknowledge the multifaceted nature of culinary experiences and the diverse ways in which people engage with food.

Moreover, the Grand Unified Theory of Food relies heavily on anecdotal evidence and personal preferences, rather than a rigorous scientific approach. While Emeril Lagasse's corollary may be entertaining, it's not a reliable basis for a universal theory. A more robust theory would require a systematic investigation of the chemical, cultural, and social factors that influence our perceptions of food. By considering these multiple perspectives, we can develop a more nuanced understanding of the complex relationships between food, culture, and identity.

Ultimately, the original theory's focus on bacon as the sole unifying factor oversimplifies the richness and diversity of human culinary experiences. By embracing a more multifaceted approach, we can gain a deeper appreciation for the intricate complexities of food and the many ways in which it brings us together as individuals and communities."
t3_8tvru0,"Drug addiction is a choice, not a disease I do have sympathy for those with drug addiction, but they did originally make the choice to put the drugs into there body. No one held them down and injected them with heroin. I understand that after that they cant fully control there needs, but it was there fault for doing the drugs in the first place. I try to have empathy for others whenever I can, but I find it difficult to do so for addicts when they are the architects of there own destruction. I would love to hear others viewpoints and experiences to better understand this complicated issue.","The idea that addiction is solely a matter of individual choice overlooks the intricate web of factors that contribute to its development. Research in psychology has consistently shown that addiction is a complex condition influenced by a combination of genetic, environmental, and social factors. For instance, studies have identified specific genetic markers that predispose individuals to addiction, while also highlighting the role of early life experiences, such as childhood trauma, in increasing the risk of developing addictive behaviors. Furthermore, societal pressures, such as peer influence and cultural norms, can also play a significant role in shaping an individual's decision to use substances.

Moreover, the assumption that individuals with addiction ""could have chosen not to"" use substances ignores the fact that addiction often involves a loss of control, rather than a voluntary choice. In the midst of addiction, individuals may experience intense cravings, withdrawal symptoms, and cognitive impairments that compromise their ability to make informed decisions. This is not to say that individuals with addiction are completely powerless, but rather that their agency is compromised by the condition itself.

In addition, the notion that addiction is simply a matter of individual responsibility fails to account for the many structural barriers that prevent individuals from accessing treatment and support services. For example, individuals from low-income backgrounds or those living in areas with limited access to healthcare may face significant obstacles in seeking help for their addiction. Similarly, individuals from marginalized communities may experience systemic racism and stigma that further exacerbate their struggles with addiction.

Ultimately, viewing addiction as solely a matter of individual choice oversimplifies a multifaceted issue that requires a comprehensive and compassionate approach. By recognizing the interplay between biology, environment, and social factors, we can work towards a more nuanced understanding of addiction and develop more effective strategies for prevention, treatment, and recovery. This involves acknowledging the humanity and dignity of individuals with addiction, rather than pathologizing them or attributing blame.","The notion that addiction is solely a personal choice overlooks the intricate web of circumstances that often lead individuals down the path of substance abuse. In reality, addiction is a complex condition that can be triggered by a multitude of factors, including genetics, trauma, and environmental influences. For instance, a person growing up in an impoverished neighborhood with limited access to resources and opportunities may be more susceptible to addiction as a coping mechanism. Similarly, individuals with mental health conditions such as depression or anxiety may turn to substances as a means of self-medication. By ignoring these underlying factors, we risk stigmatizing those who are struggling and failing to provide them with the support they need to recover.

Moreover, addiction is not simply a matter of personal responsibility, but rather a chronic disease that affects individuals from all walks of life. Studies have shown that addiction is a treatable condition, but one that requires a comprehensive approach that includes medical treatment, counseling, and community support. By investing in addiction treatment and prevention programs, we can reduce the economic burden of addiction on communities and improve overall public health. In fact, every dollar invested in addiction treatment yields a return of up to 4 in reduced healthcare costs and increased productivity. By recognizing addiction as a public health issue rather than a moral failing, we can work towards creating a more compassionate and effective approach to addressing this complex problem.","The notion that drug addiction is a personal choice, rather than a disease, oversimplifies the complex interplay of factors that contribute to this multifaceted issue. Research in neuroscience and psychology has shown that addiction is a chronic brain disease characterized by changes in brain structure and function, particularly in regions involved in reward, motivation, and memory. These changes are a result of the repeated use of substances, which can lead to long-term adaptations that alter an individual's response to substances and their environment. The idea that individuals can simply ""choose"" to stop using drugs ignores the fact that addiction can be a compulsive behavior, driven by factors beyond an individual's conscious control.

Moreover, societal factors play a significant role in shaping an individual's likelihood of developing an addiction. The glamorization of substance use in popular culture, as seen in movies and television shows, can normalize and even romanticize the use of drugs, making them seem appealing and accessible to those who may be vulnerable to their effects. The social pressures to conform to certain peer groups or lifestyles can also contribute to the development of addiction, particularly in individuals who are already experiencing stress, anxiety, or other mental health issues. Systemic inequalities, such as poverty, lack of access to education and healthcare, and exposure to trauma, can also increase an individual's likelihood of developing an addiction.

Furthermore, the notion that addiction is a matter of personal choice neglects the role of trauma and stress in contributing to the development of addiction. Individuals who have experienced trauma, such as childhood abuse or neglect, are more likely to develop addiction as a coping mechanism for their emotional pain. The brain's response to stress can also play a role in addiction, as the release of stress hormones like cortisol can increase the motivation to engage in substance use as a way to self-medicate. By ignoring these complex factors, the idea that addiction is a personal choice does a disservice to individuals struggling with addiction, implying that they are solely responsible for their situation and neglecting the need for compassionate support and treatment.","The argument that individuals with drug addiction are fully responsible for their choices ignores the pervasive influence of societal factors on addictive behavior. Structural inequalities, such as limited access to healthcare, education, or job opportunities, can create an environment where people feel forced to rely on substances as a means of coping with stress and adversity. Additionally, the proliferation of big pharma's marketing campaigns and the normalization of substance use in popular culture contribute to the widespread availability and glorification of addictive substances. It is essential to recognize that addiction is not solely a personal issue but also a symptom of broader societal problems that require collective action and responsibility.","The idea that individuals with drug addiction are responsible for their choices neglects the critical role of neurobiology in the development of addiction. The release of dopamine, a neurotransmitter associated with pleasure and reward, plays a significant part in the formation of addictive behaviors. However, repeated exposure to substances can lead to long-term changes in brain chemistry, effectively hijacking the natural reward system and reducing the ability to experience pleasure without substance use. These neural adaptations can render individuals unable to control their behavior, making it difficult for them to abstain from substance use despite a desire to do so. By acknowledging the neural basis of addiction, we can work towards more effective treatment strategies that address the root causes of this complex condition rather than simply blaming individuals for their choices.","The notion that drug addiction is a choice rather than a disease oversimplifies the complexities of this multifaceted issue. Research has consistently shown that drug addiction is characterized by changes in brain chemistry, structure, and function, which can occur after repeated exposure to substances. These alterations can lead to impaired cognitive control, emotional regulation, and decision-making abilities, rendering it increasingly difficult for individuals to resist the temptation of drugs. Furthermore, the concept of choice implies a level of agency that is often absent in situations where addiction has taken hold. In reality, many people become addicted as a result of circumstances such as trauma, poverty, or social isolation, which can make them more vulnerable to substance abuse. It is essential to acknowledge that addiction is not simply a matter of personal failure but rather a condition that demands compassion and understanding."
t3_pti2k6,"Based on countless experiences, I shouldn't trust doctors or nurses to perform their jobs adequately or even to be great people. Note: I'm not talking about animal doctors. This argument is basically made up entirely of anecdotal evidence. I've been to the doctor, urgent care, the ER, and other places many a time due to being chronically ill. I. Hate. Going. I feel that most of my experiences have been awful. Most doctors and nurses I've met either will straight up refuse to do tests or things that I ask for, don't listen to me, are extremely rude, ignore my pain during procedures,, or all of the above. One person--she might've been just a front desk person, but she was wearing scrubs--even put her hands on me while I was in the ER. Thank christ my GI doctor is actually good, but the others are not. I've had so many bad experiences that I just outright assume that it you're a doctor or nurse, you're not a great person. That's obviously crazy talk, which is why I want this view changed, but a few weeks ago a friend of my boyfriend's mother died IN THE HOSPITAL due to a massive heart attack. They screened her for Covid and that was IT. Not even vitals, apparently. Then they told her there was nothing they could do. She died on her way out of there due to negligence. I'm sick and tired hospital visits and bad doctors, but I also don't want to turn my nose up at medical professionals automatically. I don't want this bias.","It's essential to acknowledge that the healthcare system, like any large-scale institution, is comprised of individuals with diverse levels of skill, training, and compassion. While the author's experiences with doctors and nurses have been overwhelmingly negative, it's crucial to recognize that these instances do not represent the entire medical profession. The fact that the author's GI doctor was a positive exception highlights the possibility that there are dedicated and skilled medical professionals working within the system. Moreover, numerous studies and data indicate that the majority of doctors and nurses possess the necessary qualifications, training, and empathy to provide high-quality care.

Furthermore, the anecdote about the friend's mother is tragic and raises questions about the specific circumstances surrounding her care. It's unclear whether the lack of further screening or treatment was a result of systemic negligence or an isolated mistake. Without more context, it's unfair to make sweeping generalizations about the entire medical community. In fact, medical professionals are human beings subject to their own limitations and biases, but they also strive to provide the best possible care under the constraints of their resources and knowledge.

The author's assumption that doctors and nurses are inherently untrustworthy may stem from a natural desire to avoid future traumatic experiences, but it overlooks the vast majority of people who receive excellent care from their medical providers. Medical professionals, like those working in observatories, are dedicated to their craft, and their expertise and compassion are essential to advancing our understanding of health and disease. By perpetuating a narrative of distrust, the author may inadvertently create a self-fulfilling prophecy that exacerbates existing problems within the healthcare system. Instead, it's more productive to work towards understanding and addressing the underlying issues, rather than dismissing an entire profession based on a limited number of negative experiences.","While it's undeniable that negative experiences can be pervasive and emotionally scarring, particularly for those with chronic illnesses, it's essential to consider the systemic and environmental factors that contribute to these interactions. Research has shown that healthcare providers often face immense pressure, high-stakes decision-making, and emotional strain, which can lead to burnout and decreased job satisfaction. This can result in frustration and irritability, manifesting as rudeness or a lack of empathy towards patients. It's not that medical professionals are inherently ""bad"" people; rather, they are individuals with their own sets of strengths and weaknesses, operating within a complex and imperfect system.

Moreover, the anecdotes shared by the author are unfortunately not unique to their experiences, but rather a common thread among patients who have faced subpar care. However, these stories should not serve as a blanket condemnation of an entire profession. Instead, they highlight the need for systemic changes and improvements in healthcare delivery. Many organizations and researchers are actively working to address these issues, developing innovative solutions to enhance patient-centered care, streamline communication, and reduce burnout among healthcare providers. By acknowledging and supporting these efforts, we can work towards creating a more compassionate and effective healthcare system.

It's also worth noting that the medical community has made tremendous strides in recent years, with advances in medical technology, treatment options, and patient care. While these advancements don't erase the pain and suffering of past experiences, they do demonstrate a commitment to progress and improvement. Rather than viewing medical professionals as inherently flawed, it's more productive to focus on the systemic and structural factors that can be addressed and improved upon. By doing so, we can foster a more collaborative and patient-centered approach to healthcare, one that prioritizes empathy, understanding, and effective communication.","While it's understandable that the author's personal experiences with medical professionals have been overwhelmingly negative, it's essential to recognize that these encounters do not represent the entire medical community. The healthcare system is comprised of numerous individuals, each with their unique personalities, work styles, and levels of empathy. Just as a single poor performance from an actor does not define their talent or potential, a few negative interactions with doctors and nurses do not necessarily reflect the quality of care provided by the medical profession as a whole. In fact, many healthcare professionals are dedicated, compassionate, and highly skilled, working tirelessly to save lives and alleviate suffering. 

Moreover, the anecdotal evidence provided by the author is limited to their personal experiences, which, while significant, do not account for the numerous positive interactions that countless individuals have had with healthcare providers. It's also worth noting that medical professionals, like actors, are human beings who can have bad days, make mistakes, or simply not be a good fit for every patient. However, this does not negate their ability to provide excellent care in other situations. The author's assumption that ""if you're a doctor or nurse, you're not a great person"" is an unfair and inaccurate generalization, one that undermines the hard work and dedication of many medical professionals. By making such a sweeping statement, the author risks perpetuating a negative stereotype that can have far-reaching consequences, including discouraging people from pursuing careers in healthcare and creating a culture of mistrust within the medical community. A more balanced perspective would acknowledge both the imperfections and the triumphs of the medical profession, recognizing that healthcare providers are capable of both compassion and excellence.","Generalizing that all medical professionals are poor people based on a few instances of perceived neglect or incompetence disregards the complex and multifaceted nature of healthcare delivery. Many factors can contribute to suboptimal care, including lack of resources, staffing shortages, bureaucratic red tape, and even patient refusal to comply with treatment plans. These variables should not be conflated with an inherent deficiency in medical professionals' character or competence. The overwhelming majority of healthcare workers possess the skills, knowledge, and compassion necessary to provide top-notch care, as evident from numerous studies demonstrating high patient satisfaction rates and favorable health outcomes in hospitals and clinics that prioritize empathy, transparency, and active communication. Furthermore, it is essential to consider the rapidly evolving nature of medical science, with breakthroughs and advancements happening continuously. This context underscores the challenges healthcare professionals face in keeping pace with the latest developments and providing cutting-edge care while navigating complex patient needs. By acknowledging these complexities, a more nuanced understanding can be developed that appreciates the dedication and expertise inherent in the medical profession.","The argument that all doctors and nurses are inherently untrustworthy stems from an overly pessimistic view of human nature, which neglects the positive influences of professional training, personal experiences, and social norms. While it is true that some healthcare professionals may not meet expectations, it would be unfair to attribute this solely to their inherent character rather than external factors such as stress, workload pressures, or lack of adequate support systems. The reality is that most medical professionals undergo rigorous education and training, participate in ongoing professional development, and adhere to strict codes of conduct to ensure the highest standards of patient care. Many also engage in volunteer work, participate in community outreach programs, and contribute to research initiatives aimed at improving healthcare services. Moreover, the positive relationships formed between patients and their caregivers often rely on mutual trust and respect, which can have a profound impact on recovery and overall well-being. By recognizing the complexities involved in human behavior and acknowledging the numerous factors that influence an individual's actions, it is possible to arrive at a more balanced perspective that acknowledges both the imperfections and strengths inherent in the medical profession.","The notion that all doctors and nurses are inherently untrustworthy or unprofessional is a vastly overgeneralized conclusion drawn from a limited set of experiences. While it is true that some healthcare professionals may not provide the level of care expected by patients, this does not justify dismissing an entire profession based on anecdotal evidence. The medical field is comprised of thousands of dedicated and compassionate individuals who genuinely strive to deliver high-quality patient care. Furthermore, most hospitals and healthcare institutions have rigorous training programs and strict codes of conduct in place to ensure that their employees adhere to the highest standards of professionalism. These measures serve as a safeguard against malpractice and promote accountability within the medical community. It is also worth noting that many healthcare professionals go above and beyond their duties to provide emotional support and reassurance to anxious or scared patients, often making a significant difference in their recovery process. Moreover, it would be misleading to imply that all doctors and nurses are untrustworthy based solely on personal experiences, when in reality, there is an overwhelming body of research highlighting the importance of empathy, communication skills, and interpersonal relationships between healthcare providers and patients in achieving positive health outcomes."
t3_2rcsdh,"Humans are going to die out because of an economic collapse Bill Gade presents the argument better than I do so I will just quote him. There have been 4 jobs or activities which Man has engaged in throughout the centuries: HunterGathering, Agriculture, Manufacturing, and Services. What's next? What category can you imagine in which billions of people will be working in the future? 
It turns out that there is a final category. It is known as Unemployment. As Agriculture, Manufacturing, and Services become more efficient in the coming months, workers will have nowhere to go but to the unemployment line. At some point, Man's artificial economic system will necessarily collapse. When that happens, the corporations which produce and deliver food will no longer have an incentive to do so. The cities will suffer great hunger and it will be the end of Man. 
The current jobless situation you read about in the news is not an ordinary part of the business cycle. It is the final stretch of the linear trend that began with the birth of our species. There is also a Youtube video to go with this opinion. I do realize that this is a very unhealthy idea to have whether or not that the idea is true or not, I just have not been able to beat it myself. I do disagree with Gade a little bit. I don't think it would kill everybody, but the some few people that still know how to hunt and gather would probably survive as well people who were rich enough to have access to a lot of resources to start out with before the economy crashes. I probably believe this because I listen to Alex Jones too much.","The argument presented by Bill Gade, as well as the notion that unemployment will lead to the collapse of society, relies heavily on a deterministic view of human history. This perspective overlooks the complexities and adaptability of human societies. For instance, while it is true that technological advancements in agriculture, manufacturing, and services have led to increased efficiency, they have also created new opportunities for employment and economic growth. The service industry, for example, has experienced significant expansion in recent years, creating new job opportunities in fields such as healthcare, education, and technology.

Moreover, the idea that corporations will suddenly lose their incentive to produce food when the jobless situation escalates is overly simplistic. In reality, food production and distribution systems are complex networks that involve numerous stakeholders, including farmers, distributors, and retailers. While some companies may struggle to adapt to changes in the job market, others will find ways to innovate and adjust their business models to meet the changing needs of society.

Furthermore, the notion that only a select few will survive the economic collapse due to their ability to hunt and gather or their access to resources is a gross exaggeration. History has shown that human societies have consistently demonstrated the ability to adapt and innovate in the face of adversity. From the Great Depression to the COVID-19 pandemic, communities have come together to support one another and find ways to survive and thrive in the face of crisis.

It is also worth noting that the current jobless situation is not unique to the United States or the Western world. Many countries have implemented policies and programs to support workers and stimulate economic growth, including job training programs, social safety nets, and fiscal stimulus packages. While these efforts may not eliminate unemployment entirely, they demonstrate a commitment to mitigating its effects and promoting economic stability.

Ultimately, while the job market and economic systems are complex and subject to fluctuations, they are not inherently doomed to collapse. By acknowledging the complexities and nuances of human societies, we can work towards creating a more resilient and adaptable economic system that supports the well-being of all members of society.","The notion of an inevitable economic collapse and the subsequent demise of human civilization is an overly simplistic and un-supported claim that fails to account for the complexities of modern global economic systems. While it is true that technological advancements have increased efficiency in various sectors, including agriculture and manufacturing, this has also led to the creation of new industries and job opportunities. The growth of the service sector, for instance, has enabled a significant portion of the global population to transition from manual labor to more knowledge-based and creative work, contributing to increased economic productivity and growth. Furthermore, the data on unemployment rates, while concerning, does not indicate a catastrophic collapse, but rather a natural fluctuation within the business cycle.

Moreover, the idea that corporations will suddenly lose their incentive to produce food and other essential goods is based on a flawed assumption that they operate solely for profit, disregarding their social and environmental responsibilities. In reality, companies are increasingly recognizing the importance of sustainability and social responsibility, leading to investments in renewable energy, corporate social responsibility initiatives, and philanthropy. The notion that only a select few, such as skilled hunters and the wealthy, will survive a catastrophic collapse is also an oversimplification of the human capacity for resilience and adaptability. Throughout history, communities have shown remarkable ability to adapt and innovate in the face of adversity, and it is unlikely that the current global population would be completely unable to respond to a severe economic downturn.

Additionally, the author's reliance on the views of Alex Jones and other alternative media sources raises concerns about the credibility and reliability of the information presented. It is essential to consider credible sources of data and research, such as the International Labor Organization, the World Bank, and the International Monetary Fund, which provide a more nuanced understanding of global economic trends and forecasts. By examining the evidence-based research and historical precedents, a more informed and balanced perspective on the future of the global economy can be formed, one that is not driven by sensationalism or conspiracy theories.","While it's true that economic shifts can be challenging, the idea that an economic collapse would lead to the downfall of human civilization is an overly simplistic and deterministic view. History has shown time and again that societies can adapt and find new ways to thrive in the face of adversity. Consider the example of ancient societies that transitioned from hunter-gatherer to agricultural or pastoral economies. Similarly, the Industrial Revolution marked a significant shift in the way goods were produced and services were delivered, yet it did not lead to the collapse of human societies. In fact, it enabled unprecedented growth and innovation. In the same vein, it's possible that a future economic collapse could lead to new forms of work and economic organization that we cannot yet imagine. For instance, the rise of the gig economy and freelance work has already begun to disrupt traditional employment models. Moreover, the increasing focus on sustainability and renewable energy may lead to new industries and opportunities for employment that we have not yet considered. The idea that only a handful of individuals who know how to hunt and gather or have access to resources would be able to survive is not only unrealistic but also ignores the capacity for collective action and community resilience. History has shown that in times of crisis, people come together to support one another and find ways to overcome adversity. Furthermore, the concept of a single, uniform ""Unemployment"" category overlooks the many examples of alternative economic systems and cooperatives that have thrived in various parts of the world. These examples demonstrate that human societies are not bound by a single economic paradigm and are capable of reinventing themselves in response to changing circumstances. Ultimately, the author's argument relies too heavily on a worst-case scenario and neglects the potential for human creativity, adaptability, and social cohesion to overcome even the most daunting challenges. By recognizing the complexity and diversity of human societies, we can begin to envision a more hopeful and resilient future.","The argument that Bill Gade presents relies heavily on a deterministic view of human history, which assumes that certain outcomes are inevitable based on past trends. However, this overlooks the fact that human societies have consistently demonstrated an ability to make choices and shape their own futures through policy, innovation, and collective action.

Moreover, it ignores the numerous examples throughout history where economic systems have been reformed or transformed in response to social and environmental challenges. From the abolition of slavery to the establishment of universal healthcare, humanity has shown that it is capable of making significant changes to its economic and social structures when faced with compelling evidence and moral imperatives.

Furthermore, the argument neglects the fact that economic collapse can also be a catalyst for positive change and innovation. History has shown that periods of economic upheaval have often led to new forms of entrepreneurship, creativity, and social progress. It is possible that an economic collapse could lead to a shift away from unsustainable industrial models and towards more equitable and sustainable forms of production and consumption.","The argument that an economic collapse will inevitably lead to human extinction due to a lack of workforce relies on a flawed assumption about the nature of economic systems. It is based on a linear extrapolation of historical trends, which oversimplifies the complex dynamics at play in modern economies. The notion that human activity can be reduced to four distinct categories - HunterGathering, Agriculture, Manufacturing, and Services - is an overly simplistic model that fails to account for the diversity of human experience and the adaptability of societies.

Moreover, it ignores the numerous instances throughout history where economic systems have undergone significant transformations without leading to widespread collapse or extinction. The Industrial Revolution, for example, brought about a massive shift in employment patterns from manual labor to machine-based manufacturing, yet humanity not only survived but thrived. Similarly, the rise of service-oriented economies has led to new forms of work and entrepreneurship that were unimaginable just a few decades ago.

Furthermore, the argument relies heavily on Bill Gade's assertion that there is no conceivable category for future employment, beyond Unemployment. However, this overlooks the potential for emerging technologies and industries that could create entirely new categories of work and economic activity. In reality, human societies have consistently demonstrated an ability to adapt, innovate, and evolve in response to changing circumstances.","The notion that economic collapse will lead to widespread famine and extinction due to a lack of food production is based on a narrow and outdated understanding of global systems. It assumes that the only means of food production is through large-scale industrial agriculture, which is no longer the case. Small-scale farming, permaculture, and local food systems have become increasingly popular in recent years, providing alternatives to traditional industrial models.

Moreover, the idea that corporations will cease producing food when faced with economic collapse ignores the fact that food production is a basic human need that will always be met through some means or another. History has shown that even during periods of great economic upheaval, communities have come together to share resources and meet their most basic needs. It is also worth noting that alternative forms of currency and exchange have emerged in response to economic crises, which can mitigate the impact of unemployment on individuals and communities.

Furthermore, the argument underestimates the resilience and adaptability of human societies when faced with adversity. Throughout history, humans have demonstrated an incredible capacity for innovation, cooperation, and survival in the face of economic and environmental challenges. It is unlikely that the collapse of a particular economic system would lead to extinction on a global scale."
t3_287z9c,"I think being religious is the equivalent of being insane. Insanity. n. mental illness of such a severe nature that a person cannot distinguish fantasy from reality, cannot conduct herhis affairs due to psychosis, or is subject to uncontrollable impulsive behavior. This definition could also be used for almost any person who has faith in any religion. ""A person cannot distinguish fantasy from reality,.."" - A religious person can't divide fantasy from reality. A religious person assumes that their religious fantasy affects reality in someway (for example the devil creates sin) and their whole word view is affected by their faith. ""...cannot conduct herhis affairs due to psychosis..."" A person of faith also changes hisher behavior because of their faith. For example, A person might believe that ""god has a plan"" for them, and as a result take different actions that he wouldn't have if he wasn't religious. Maybe some of the things he does as a result of his faith can be considered as good, but that's not the point. A person with faith tends to involve their religious beliefs in their morals and thinking and therefore behaves differently.","The assertion that being religious is equivalent to being insane is a flawed argument that relies on a narrow and outdated understanding of mental health. While it is true that some individuals with severe mental illnesses may experience a blurring of fantasy and reality, this is not a universal characteristic of religious individuals. In fact, numerous studies have shown that people of faith often exhibit increased levels of emotional well-being, social connection, and community engagement, all of which are essential components of mental health. Furthermore, the idea that faith must lead to a distorted view of reality is a misconception that neglects the complex and multifaceted nature of human experience.

Consider the case of patients with cancer, for whom spirituality and faith often play a crucial role in coping with their diagnosis and treatment. Many patients find solace in their faith, which provides them with a sense of purpose, hope, and meaning in the face of adversity. This is not a form of fantasy or psychosis, but rather a natural response to a life-threatening situation. In fact, research has shown that patients with strong spiritual or religious beliefs tend to have better mental and physical health outcomes, including improved pain management, reduced anxiety, and enhanced quality of life.

Moreover, the assertion that religious individuals are unable to distinguish fantasy from reality is not supported by empirical evidence. Studies have shown that people of faith are just as capable of critical thinking and rational decision-making as their non-religious counterparts. In fact, many religious individuals are highly educated and intellectually engaged, with a strong commitment to scientific inquiry and critical thinking. The distinction between fantasy and reality is not solely the domain of non-religious individuals, but rather a complex cognitive process that is influenced by a range of factors, including culture, experience, and individual differences.

In conclusion, the assertion that being religious is equivalent to being insane is a simplistic and misguided argument that neglects the complexity of human experience and the multifaceted nature of faith. By ignoring the rich and diverse ways in which faith can influence human behavior and cognition, this argument oversimplifies the nuances of mental health and the human experience.","The notion that being religious is equivalent to being insane is a misleading and reductionist view that fails to acknowledge the diverse and complex nature of human experience. While it is true that some individuals may use faith as a means to justify irrational or harmful behavior, this is not a defining characteristic of religiosity. Many people of faith possess a profound sense of empathy, social responsibility, and moral compassion that guides their actions and decisions. For instance, numerous actors who are devoutly religious have demonstrated exceptional talent and depth in their performances, embodying qualities such as kindness, forgiveness, and selflessness that are often rooted in their faith. A person's faith does not necessarily dictate their ability to distinguish between fantasy and reality; rather, it can serve as a source of inspiration, motivation, and meaning that informs their perception of the world. The assumption that faith leads to an inability to conduct one's affairs due to psychosis is equally flawed. Many individuals with strong faith are capable of maintaining a clear sense of reality and purpose, using their spirituality as a source of strength and guidance. The author's argument would have us believe that faith is inherently regressive, but this ignores the many examples of people who use their faith to drive positive change and contribute to their communities in meaningful ways. Furthermore, the idea that a person's faith affects their moral compass is not unique to religiosity; many people of all faiths and none have a strong moral compass that guides their actions. In fact, faith can be a powerful motivator for good, encouraging individuals to work towards the greater good and to empathize with others. The casting director values talent, creativity, and dedication in an actor, regardless of their personal faith or worldview. Rather than dismissing an actor's faith as a liability, the director should focus on their ability to bring depth and nuance to a role, and many actors of faith have demonstrated this capacity admirably. By recognizing the complexity and diversity of human experience, we can work towards a more inclusive and empathetic understanding of the world, one that acknowledges the value of faith as a source of inspiration and motivation.","The notion that being religious is equivalent to being insane is a notion that fails to account for the complexities of human experience. While it is true that some people may use their faith as a crutch to cope with mental health issues or to justify irrational behavior, this does not mean that faith itself is the cause of such problems. Many people of faith lead lives that are characterized by compassion, empathy, and selflessness, qualities that are hardly indicative of insanity. In fact, some of the most influential and groundbreaking scientific discoveries were made by individuals who were deeply spiritual or religious.

Consider, for example, the contributions of Galileo Galilei, a devout Catholic who used his faith to inform his understanding of the natural world. His observations of the heavens led him to challenge the geocentric model of the universe, a challenge that was met with fierce opposition from the Church. However, Galileo's faith did not prevent him from using reason and observation to arrive at his conclusions, demonstrating that faith and reason are not mutually exclusive. Similarly, the work of Albert Einstein, a self-described pantheist, was deeply influenced by his spiritual worldview, yet his theories revolutionized our understanding of space and time.

Moreover, the idea that faith is equivalent to insanity ignores the many forms of spirituality that exist, from the deeply personal and introspective to the communal and ritualistic. For instance, meditation and mindfulness practices, often rooted in Eastern spiritual traditions, have been shown to have a positive impact on mental health and well-being. These practices require a level of self-awareness and introspection that is hardly indicative of a rejection of reality.

In conclusion, the relationship between faith and reason is far more complex and nuanced than a simple equation of one with insanity. While there may be instances where faith is used as a justification for irrational behavior, this does not mean that faith itself is the cause. Rather, it highlights the need for a more thoughtful and empathetic understanding of the human experience, one that acknowledges the coexistence of reason and faith.","The assertion that being religious is equivalent to being insane relies heavily on a narrow and pejorative definition of insanity. This definition, while potentially applicable to some individuals, fails to account for the complexity and diversity of human experience. Many people who hold faith are not impulsive or psychotic; rather, they possess a deep sense of conviction and purpose that guides their actions. The notion that fantasy and reality must be strictly dichotomized is simplistic and overlooks the role of imagination and symbolism in shaping our understanding of the world. Furthermore, it ignores the fact that many people's faith provides them with a framework for making difficult decisions and navigating uncertain circumstances. In contrast to the original argument, faith can be seen as a rational response to the mysteries of existence, rather than an irrational or fantasical flight from reality.","The characterization of faith as an indicator of insanity also assumes that the only possible understanding of reality is one grounded in empirical evidence and scientific inquiry. However, many people's experiences and perspectives are shaped by more nuanced and multifaceted understandings of reality, which may include spiritual or mystical dimensions. These frameworks can provide a legitimate and meaningful way for individuals to make sense of their lives and the world around them, even if they cannot be reduced to empirical proof. Rather than viewing faith as a symptom of mental illness, it is possible to recognize its role in fostering personal growth, community cohesion, and social responsibility. By acknowledging the diversity of human experience and the multiple paths to understanding reality, we can work towards greater tolerance, respect, and empathy for people who hold different perspectives on life.","The comparison between being religious and being insane also discounts the role of cultural and social factors in shaping individual behavior. Faith is often deeply ingrained in community and tradition, and people's adherence to these customs can be seen as a rational response to social pressures and expectations. In many cases, faith serves as a source of comfort, support, and belonging for individuals who might otherwise feel isolated or disconnected from the world around them. The assertion that religious individuals are unable to distinguish fantasy from reality also overlooks the ways in which people use their imagination and creativity to interpret and express their faith in meaningful and constructive ways. Rather than implying a lack of rationality or impulse control, this kind of creative engagement can be seen as evidence of a rich and vibrant inner life."
t3_bjlv6r,"Walmart pays their employees more fairly than Costco In terms of an employee's actual value to a company, I have concluded that Walmart pays their employees more fairly than Costco. To start off, the calculations I use are somewhat assumptive and may not be paint the full picture; however, based off of my data, I hope you can see where I am coming from. Net Income  (Profit after expenses, including tax)
Costco 
Glassdoor: 13-14hr
Number of Employees: 245,000
Net Income(2018): 3,130,000,000
Net Income per Employee: 12,700
Walmart
Glassdoor wage: 10-11
Number of Employees: 2,200,000
Net Income(2018): 6,670,000,000
Net Income per Employee: 3,000
As I stated above, this does not necessarily mean that a Costco employee makes 4 times as much; however it does show a significant difference. A Costco employee makes on average 1.3 as much hourly than a Walmart employee. Now I understand Costco does offer a-lot more benefits than Walmart, but I doubt the benefits would equate to near 40hr. To conclude, I would like to reiterate the fact that a Costco employee hypothetically earns the 4 times the profit than a Walmart employee. Yet, Costco pays their employees 1.3 as much (not including benefits). I understand that Walmart is not a very good place to work, and making a living there is very difficult. But based on how much profit a standard employee brings in; Walmart pays their employees more fairly than Costco.","The notion that Walmart pays its employees more fairly than Costco based on profit-sharing calculations overlooks the complexities of employee compensation and the long-term implications of low wages. While it is true that Walmart's net income per employee appears higher, this figure does not account for the human capital costs associated with high turnover rates. Research has shown that employees who are paid lower wages are more likely to leave their jobs, resulting in recruitment and training costs that can erode any potential savings. In fact, a study by the Society for Human Resource Management found that replacing an employee can cost up to 150 of their annual salary. By contrast, Costco's higher wages and benefits package may be seen as an investment in employee retention, which can lead to increased productivity and reduced turnover. Furthermore, a positive work environment and engaged employees can be a key differentiator for companies like Costco, leading to improved customer satisfaction and loyalty. This, in turn, can drive sales growth and increase revenue. By focusing solely on profit-sharing calculations, the argument ignores the intangible benefits of a well-compensated and engaged workforce. In addition, the comparison between Walmart and Costco may be apples-to-oranges, as the two companies operate in different markets and have distinct business models. Costco's business model is built around offering high-quality products at competitive prices, which requires a different compensation structure than Walmart's more price-sensitive approach. Ultimately, a more comprehensive analysis of employee compensation and its impact on company performance is needed to make a fair comparison between these two retail giants. By considering the long-term implications of employee compensation, it becomes clear that Costco's approach may be more effective in driving business success.","The notion that Walmart pays its employees more fairly than Costco based solely on profit-sharing calculations is a narrow and misleading assessment. While the math may seem to support this claim, it neglects the value of comprehensive benefits packages and job security that Costco offers its employees. Costco's higher employee satisfaction rates and lower turnover rates are clear indicators of a more supportive work environment, which is essential for employees' overall well-being. Walmart's lack of investment in its employees is evident in its abysmal employee satisfaction rates and high turnover rates, which ultimately cost the company more in recruitment and training expenses. Furthermore, the Glassdoor data used to calculate average hourly wages may not account for the significant benefits that Costco offers, such as health insurance, retirement plans, and paid time off, which can significantly increase an employee's total compensation package. In contrast, Walmart's minimal benefits and lack of job security leave its employees vulnerable to financial instability. The profit-sharing calculations used to compare the two companies are also based on a flawed assumption that the value of an employee's work can be accurately measured by their hourly wage alone. This ignores the contributions of employees to a company's overall success, including their dedication, skills, and loyalty. Costco's emphasis on employee satisfaction and well-being is a key factor in its sustained success, as happy employees are more productive, creative, and committed to the company's mission. In conclusion, while Walmart may pay its employees a slightly higher hourly wage, the comprehensive benefits and job security offered by Costco make it a more equitable and supportive employer.","While the calculation presented may appear to demonstrate that Walmart pays its employees more fairly than Costco, it neglects the crucial aspect of employee retention and job satisfaction, much like a forest ecosystem's health is not solely determined by the individual species that inhabit it. The turnover rate at Walmart is alarmingly high, with an average of 650,000 employees leaving the company annually, which not only incurs significant recruitment and training costs but also disrupts the delicate balance of the organization. In contrast, Costco boasts a remarkably low turnover rate of around 30, indicating that employees are generally more satisfied with their work environment and compensation package. This disparity is a critical factor in determining the long-term success and profitability of a company, as a stable workforce is essential for efficient operations and customer satisfaction. Furthermore, the benefits offered by Costco, such as comprehensive health insurance, retirement plans, and generous parental leave, are designed to foster a positive work environment and reduce stress, ultimately benefiting the company in the long run. The original calculation fails to account for the potential long-term costs of high turnover rates and low job satisfaction, which can have a devastating impact on a company's bottom line. In the case of Walmart, the high turnover rate translates to an estimated 3.3 billion in annual recruitment and training costs, while Costco's low turnover rate saves the company a significant amount of resources that can be redirected towards employee benefits and retention. By neglecting these crucial variables, the original argument oversimplifies the complex interplay between employee compensation, job satisfaction, and company profitability. A more nuanced approach would consider the intricate relationships between these factors, revealing a more accurate picture of the true value of employee compensation and its impact on a company's success.","A closer examination of the data reveals that Costco's higher wages are not a anomaly, but rather a strategic business decision aimed at driving employee engagement, productivity, and customer satisfaction. By paying its employees a living wage, Costco can tap into their unique strengths, such as exceptional product knowledge and loyalty to customers. This approach also aligns with Costco's stated mission of prioritizing people over profits. In contrast, Walmart's lower wages may be seen as a cost-saving measure that compromises employee morale and performance. Additionally, the idea that benefits packages alone can justify significantly higher labor costs ignores the long-term financial implications of investing in employee well-being. Research has shown that companies that prioritize their employees' welfare tend to experience reduced turnover rates, improved productivity, and enhanced brand reputation.","The argument that Walmart pays its employees more fairly than Costco relies on a misleading comparison between net income per employee and actual compensation. This approach ignores the fact that many Costco employees receive significant bonuses and profit-sharing payments, which are not accounted for in the original calculation. Furthermore, the use of Glassdoor wages as a proxy for actual earnings overlooks the fact that these figures may not reflect regional variations or individual differences in job responsibilities. In reality, Walmart's lower average hourly wage is likely offset by higher rates of overtime pay and more opportunities for advancement within the company. A reevaluation of the data using more comprehensive compensation metrics would reveal a more nuanced picture of employee remuneration at both companies. The original argument's conclusion may be based on an incomplete understanding of the complex factors influencing employee compensation.","The original argument's conclusion that Walmart pays its employees more fairly than Costco relies heavily on flawed calculations and a narrow focus on net income per employee. The assumption that net income directly translates to an employee's actual value to the company oversimplifies the complex relationship between profit, expenses, and labor costs. A more comprehensive analysis would consider factors such as employee turnover rates, productivity levels, and training costs. Costco's higher employee wages are likely balanced by lower turnover rates, which can significantly reduce recruitment and onboarding expenses for employers. Furthermore, focusing solely on net income per employee neglects the impact of benefits packages on overall compensation. A more nuanced approach would consider the total value proposition offered to employees, including factors like health insurance, retirement plans, and paid time off."
t3_fgy54e,"Americans should consider postponing the elections due to CoVid 19 With the growing infected rates around the world and in the US, it is likely that the election campaigns will be affected on a very widespread scale. That will lead to people not being informed about the stance of the candidates, also the actual turnout will be affected as well. Secondly, the overall atmosphere of fear and uncertainty will lend itself to people to be bullied into voting for candidates they dont ideologically align themselves with. Fear-mongering will be used by both sides to their advantage and to the overall disadvantage of the American people. Lastly, the health risk of getting people together in huge numbers for rallies and eventually for the actual election day will further the disease in an unprecedented manner. 
CMV please","Postponing the elections due to Covid-19 concerns may seem like a prudent measure to protect public health, but it is essential to consider the broader implications of such a decision. Disrupting the democratic process could lead to long-term consequences that far outweigh the temporary health benefits. In the United States, voting is a cornerstone of democracy, and citizens have consistently shown resilience in the face of adversity. The 2020 election, for instance, demonstrated the adaptability of the American people in navigating the challenges posed by the pandemic. By postponing the elections, the government may inadvertently create a precedent that undermines trust in democratic institutions and emboldens those who seek to exploit fear and uncertainty for their own gain.

Moreover, the suggested alternatives to in-person voting, such as mail-in ballots or online voting, are not without their own set of challenges. A significant portion of the American population lacks reliable access to mail-in voting, and internet connectivity issues can disenfranchise vulnerable communities. Furthermore, relying solely on these alternatives may exacerbate existing inequalities in the electoral process. By contrast, implementing safety measures such as social distancing, mask mandates, and increased sanitation protocols at polling stations could effectively mitigate the risks associated with in-person voting. These measures have been successfully employed in various countries and states, demonstrating that it is possible to balance public health concerns with the integrity of the democratic process.

It is also worth considering the economic and social implications of postponing the elections. Disrupting the electoral cycle can have far-reaching consequences for the economy, including market volatility and potential losses in productivity. The tourism and hospitality industries, which rely heavily on election-related travel and events, may suffer significant losses. Moreover, postponing the elections could lead to increased anxiety and stress for citizens, particularly those who have experienced the loss of loved ones or are struggling financially. By allowing the democratic process to proceed as scheduled, Americans can work together to address the pandemic while upholding the values of democracy and the rule of law.","While it's true that the current COVID-19 pandemic presents a significant health risk, it's essential to recognize that democratic processes have been successfully adapted and implemented during times of crisis throughout history. For instance, the 1918 Spanish flu pandemic, which coincided with the US presidential election that year, did not deter citizens from participating in the democratic process. In fact, voter turnout was higher than in the previous election, with many states and local governments taking measures to ensure safe voting procedures. Similarly, elections have been held during wartime, and citizens have consistently shown a desire to exercise their right to vote, even in the face of adversity.

Furthermore, the media plays a vital role in providing accurate and unbiased information to the public, allowing citizens to make informed decisions about their votes. In today's digital age, information is readily available, and voters can easily access candidate stances, policies, and debates. While it's true that fear-mongering can be a challenge, it's not a reason to postpone elections entirely. Instead, it's a reminder of the importance of critically evaluating information and sources. The American public has consistently demonstrated the ability to discern fact from fiction and make informed decisions.

Moreover, postponing elections could potentially exacerbate the crisis, as it may create uncertainty and further erode trust in the democratic process. Delays can also lead to a range of logistical challenges, including the storage and security of ballots, the management of voter registration, and the potential for voter suppression. By moving forward with elections as scheduled, we can avoid these challenges and demonstrate the resilience of the democratic process. Ultimately, the flexibility and adaptability of the electoral system can accommodate the necessary precautions to ensure a safe and successful election, even in the midst of a pandemic.","While the concern for public health is understandable, particularly with the growing infected rates around the world and in the US, it is essential to consider the long-term implications of postponing the elections. Democracy relies on the free exchange of ideas, and the electoral process is a cornerstone of this exchange. By postponing the elections, the opportunity for citizens to engage with candidates, debate, and make informed decisions may be lost. Furthermore, the electoral process serves as a catalyst for civic engagement and social cohesion, and its postponement could lead to a decline in public participation and a disconnection from the democratic process.

In addition, the current technological landscape allows for the implementation of measures to mitigate the risks associated with in-person voting. Contact tracing, social distancing protocols, and mask mandates can be enforced to minimize the spread of COVID-19 during election events. The scientific community has demonstrated its ability to adapt and find solutions to seemingly insurmountable challenges, and it is reasonable to assume that such measures can be implemented to ensure the health and safety of voters.

Moreover, postponing the elections could have unforeseen consequences, such as creating a power vacuum or exacerbating existing social and economic issues. The electoral process provides a framework for resolving disputes and addressing pressing issues, and its postponement could lead to instability and uncertainty. By finding a balance between public health concerns and democratic principles, it is possible to minimize the risks associated with in-person voting while preserving the integrity of the electoral process.

Ultimately, democracy is not just a matter of voting, but also of ongoing civic engagement and participation. Postponing the elections would undermine the very fabric of democratic society, and it is crucial to prioritize the preservation of this process, even in the face of a global pandemic. By working together and leveraging scientific knowledge, technological advancements, and social responsibility, it is possible to safeguard both public health and the democratic process.","The argument that widespread infection rates will distort voter knowledge and turnout is based on an overly pessimistic view of human agency. The reality is that many citizens have demonstrated remarkable adaptability during this crisis, embracing new technologies and mobilizing to stay engaged with the democratic process. It is also worth noting that election campaigns can be adapted to minimize health risks, such as utilizing virtual events or socially distanced rallies. By doing so, candidates can continue to connect with voters while also prioritizing public safety. Moreover, electoral institutions have a proven track record of responding effectively to emergencies and implementing necessary measures to ensure the integrity of elections. Ultimately, it is essential not to underestimate the capacity of citizens and electoral systems to navigate challenging circumstances.","The idea that fear and uncertainty will lead to uninformed or coerced voting decisions relies on an overly simplistic understanding of human behavior. In reality, many voters are capable of distinguishing between legitimate concerns about public health and baseless attempts to manipulate their choices. Furthermore, the fact-checking initiatives and media outlets that have emerged in response to the pandemic have improved the overall quality of information available to citizens. Additionally, electoral systems often provide multiple opportunities for voters to seek out information and engage with candidates before making an informed decision at the polls. Rather than assuming that postponing elections will protect against these perceived risks, it would be more productive to focus on enhancing voter education and promoting critical thinking about candidate proposals.","The proposal to postpone elections due to COVID-19 overlooks the fundamental principles of democratic societies. Holding elections during a pandemic does not necessarily imply that they will be unduly influenced by fear and misinformation. The current health crisis has already demonstrated the resilience of voters, who have adapted to new circumstances by engaging in social distancing measures and utilizing digital platforms for information dissemination. Moreover, electoral systems often include safeguards against manipulation, such as fact-checking organizations and media outlets that provide accurate information. The impact on turnout can be mitigated through innovative solutions like online voting or absentee ballots. It is crucial not to sacrifice the democratic process by delaying elections, as this could lead to further polarization and erosion of trust in institutions. Rather than postponing elections, efforts should focus on ensuring safety protocols are implemented and voters remain informed about candidate positions."
t3_td2w6r,"Children should not get Baptized or recieve religious teaching until they are old enough to consent. I am an atheist and happily married to a Catholic woman. We have a six months old Daughter and for the first time in our relationship religion is becoming a point of tension between us. My wife wants our daughter be baptized and raised as a Christian. According to her it is good for her to be told this and it helps with building morality furthermore it is part of Western culture. In my view I don't want my daughter to be indoctrinated into any religion. If she makes the conscious decision to join the church when she is old enough to think about it herself that is OK. But I want her to be able to develop her own character first. ---edit---
As this has been brought up multiple times before in the thread I want to address it once. Yes we should have talked about that before. We were aware of each other's views and we agreed that a discussion needs to be happening soon. But we both new we want a child regardless of that decision. And the past times where stressful for everyone so we kept delaying that talk. But it still needs to happen. This is why I ask strangers on the Internet to prepare for that discussion to see every possible argument for and against it.","The argument against baptizing or teaching children about religion until they are older relies heavily on the assumption that faith is merely a personal preference, rather than an integral part of human existence. However, for many people, faith is not just a choice but a fundamental aspect of their identity and worldview. It provides a framework for understanding the world and one's place within it, as well as a sense of purpose and belonging. By delaying exposure to religious teachings, children may miss out on valuable opportunities for spiritual growth and development that can shape their values and character in profound ways. Moreover, the idea that children should be shielded from faith until they are older implies that it is somehow fragile or vulnerable to harm, rather than a robust and resilient part of human experience. In reality, exposure to diverse perspectives and traditions can foster tolerance, empathy, and critical thinking skills, all of which are essential for navigating an increasingly complex and interconnected world.","The assumption that children are not capable of making informed decisions about their religious upbringing until they are older is a narrow and overly pessimistic view. It underestimates the capacity for children to form opinions and affiliations with various belief systems, even at a young age. In fact, many children begin asking questions about faith and morality as early as preschool, demonstrating an innate curiosity that cannot be suppressed by delayed exposure. Furthermore, the notion that waiting until they are older will allow them to develop their own character is based on the flawed premise that moral development is solely the result of individual effort and not shaped by environmental factors, including family and community influences. Research has shown that children who grow up in families with a consistent spiritual practice tend to exhibit better social-emotional skills and more empathy towards others. Allowing children to explore their faith from an early age can foster a sense of belonging and community, which is essential for healthy development. It is also worth noting that baptism is not simply a matter of indoctrination; it can be a meaningful ritual that provides a sense of identity and connection to tradition.","The notion that children should only be baptized or taught about religion when they are able to give informed consent overlooks the fact that many people's faith is not solely a matter of individual choice but also a social and cultural inheritance. For many families, faith is a central part of their heritage and identity, passed down through generations as a rich tapestry of tradition and practice. Delaying exposure to religious teachings may deprive children of this vital connection to their community and cultural roots. Furthermore, the assumption that children are not capable of making informed decisions about their faith until they are older relies on an overly simplistic view of human development. In reality, children's capacity for decision-making is complex and multifaceted, influenced by a range of cognitive, social, and emotional factors. By engaging with children in conversations about faith from an early age, parents can foster their critical thinking skills, promote autonomy and agency, and help them develop a robust and nuanced understanding of the world around them.","The notion that a child should only be baptized or taught a faith once they are old enough to consent may seem like a reasonable approach, but it overlooks the significance of cultural heritage and family ties. In many Western societies, baptism is an integral part of cultural identity, a way of connecting with one's community and understanding the traditions that have shaped the family's history. By denying a child this experience, parents may inadvertently create a sense of disconnection from their own roots and the values that have been passed down through generations. This is not about indoctrination, but about providing a child with a sense of belonging and shared understanding of the world.

Moreover, the idea that a child must wait until they are old enough to make an informed decision about their faith ignores the fact that children are not a blank slate. From a young age, they are influenced by their environment, their parents, and their community, and baptism and religious teaching can be a natural part of this process. It is not about forcing a particular set of beliefs on a child, but about introducing them to the cultural and spiritual traditions that have shaped their family's history.

In a mixed-faith household like the author's, it's particularly important to find ways to balance different values and traditions. Baptism can be a meaningful way to bridge the gap between two different faiths, creating a sense of unity and shared identity. By participating in this ritual, a child can begin to understand and appreciate the diversity of their family's cultural heritage, rather than feeling like they are caught between two conflicting identities.

Ultimately, the decision to baptize a child or teach them a faith is not about forcing a particular set of beliefs on them, but about providing them with a rich and diverse cultural context in which to grow and learn. By embracing their cultural heritage, children can develop a strong sense of self and a deeper understanding of the world around them.","The notion that children should not be baptized or receive religious teachings until they are old enough to consent is a well-intentioned attempt to ensure their autonomy and intellectual freedom. However, it may inadvertently overlook the significance of religious identity in shaping an individual's sense of belonging and community. The desire for children to develop their own character and make informed decisions about their faith is admirable, but it is also essential to acknowledge the role of social and cultural contexts in shaping their worldview. In many Western societies, Christianity is deeply embedded in cultural practices and traditions, and participating in these rituals can be a meaningful way for children to connect with their heritage and community.

Moreover, the idea that children should only be introduced to religion when they are mature enough to make informed decisions ignores the fact that children are already surrounded by religious messages and symbols in their daily lives. They are exposed to various cultural and social norms, including those related to faith, which can influence their perceptions and attitudes. By delaying the introduction of religious teachings, parents may inadvertently create a void in their child's understanding of these cultural contexts, potentially leading to confusion and disconnection from their community.

Furthermore, the assumption that children are blank slates, devoid of any preconceived notions or biases, is unrealistic. Children are born into a world that is already imbued with cultural, social, and religious norms, and it is impossible to completely shield them from these influences. By engaging with their child's spiritual curiosity and providing a nuanced understanding of different faith traditions, parents can empower their child to make informed decisions about their own spiritual path.

Ultimately, the goal of parenting should not be to prevent children from making their own decisions but to equip them with the knowledge, critical thinking skills, and emotional intelligence to navigate the complexities of life. By involving children in conversations about faith and spirituality from an early age, parents can foster a deeper understanding of the world and their place within it, allowing them to make more informed choices about their own spiritual journeys.","The notion that children should not receive religious teachings until they are old enough to consent is a noble attempt to safeguard against indoctrination, but it may overlook the complex interplay between family, culture, and personal identity. A child's exposure to a faith community can serve as a vital foundation for their emotional and social development, providing a sense of belonging and connection to a broader tradition. This is not to say that children should be pressured or forced to conform, but rather that they should be offered a rich and nuanced exploration of their family's cultural heritage, allowing them to engage with the values and practices that have been passed down through generations. By doing so, children can develop a deeper understanding of their place within the world and cultivate a sense of empathy and compassion that is essential for building strong relationships.

Moreover, research has shown that early exposure to a faith community can have a profound impact on a child's emotional intelligence, social skills, and moral development. Studies have demonstrated that children who participate in faith-based activities tend to exhibit higher levels of empathy, cooperation, and self-awareness, all of which are essential for building strong, resilient relationships. Furthermore, the sense of community and belonging that comes with being part of a faith community can provide a child with a sense of security and support, which is critical for their overall well-being.

It is also worth considering the cultural context in which this decision is being made. In Western societies, Christianity is deeply ingrained in the cultural fabric, and many people, regardless of their personal beliefs, identify with certain aspects of the faith tradition. By exposing their child to this cultural heritage, parents are not necessarily indoctrinating them with a set of rigid dogma, but rather providing them with a rich and complex understanding of the world around them. This allows children to develop a sense of cultural literacy and appreciation for the diversity of human experience, which is essential for building bridges between different communities and fostering greater understanding.

Ultimately, the decision to expose children to religious teachings should not be seen as a zero-sum game, where one parent's values and desires must be prioritized over the other's. Rather, it should be viewed as an opportunity for both parents to engage in a thoughtful and nuanced discussion about their values, traditions, and cultural heritage. By working together, they can create a rich and inclusive environment that allows their child to explore and develop their own sense of identity, free from the constraints of rigid dogma or expectation."
t3_4zp59j,"Cars should be banned and replaced with public transportation and bicycles. I firmly believe that we should stop using cars. Cars pollute the environment. Roads destroy the environment and places where cars are a necessity (like suburban areas) waste land and kill trees. Cars are also expensive to buy and maintain. Gas is such a money hogger as well, and think of all the things you could buy without having to pay for car insurance and other expenses associated with cars. We also have an obesity problem in this country. By bicycles, we would encourage exercise. Sometimes, perhaps you wouldn't even need to use public transportation; you could walk. Of course, a problem arises concerning rural areas, where there is little to no public transportation. In this case, I think more funding should go toward public transportation, so buses can reach these areas. Also, rails could be raised beside (or on) highways themselves. Trucks, used to transport goods, could either go on these trains instead, or they could use existing highways (I still haven't found a good solution for actual transportation of products). Let's not forget that cars kill over 30,800 people per year (source: Wikipedia). Honestly, cars are death machines and have no place on the road.","The idea of banning cars and replacing them with public transportation and bicycles is an overly simplistic solution that fails to account for the complexities of modern society. The notion that all people can simply abandon their vehicles and take up cycling or walking ignores the realities of geography, climate, and personal circumstances. For many people, particularly those living in rural areas or with mobility issues, cars are a necessary lifeline for accessing essential services, employment, and social connections. Furthermore, the suggestion that public transportation can be easily extended to cover all regions is unrealistic, as it would require significant investment in infrastructure and maintenance. Even if such investments were made, there is no guarantee that people would choose to use public transportation instead of driving their own cars. In fact, many studies have shown that car ownership is closely tied to socio-economic status, with lower-income individuals often relying on cars for access to work and other necessities. Banning cars without providing adequate alternatives could exacerbate existing social inequalities rather than alleviating them.","The obesity problem in this country is often cited as a justification for promoting cycling and walking over driving. However, the relationship between physical activity and weight management is far more complex than a simple correlation between car use and sedentary behavior. Many people who drive to work or school still engage in regular exercise outside of their daily commute, while others may lead active lifestyles despite relying on cars for transportation. Moreover, promoting cycling as a solution to obesity ignores the fact that many individuals face physical barriers to cycling, such as mobility impairments or safety concerns. Rather than stigmatizing car use as unhealthy, policymakers should focus on creating more inclusive and supportive environments that encourage physical activity and healthy behaviors across all aspects of life. This might involve investing in bike infrastructure that is accessible to people with disabilities, promoting workplace wellness programs, or providing incentives for individuals to engage in regular exercise. By taking a more holistic approach to public health, we can address the root causes of obesity without demonizing car use as the primary culprit.","The original argument overlooks the critical role that cars play in facilitating economic growth, particularly in regions where manufacturing and logistics are major industries. The idea of replacing cars with bicycles or public transportation ignores the fact that many goods rely on trucks for transport, which cannot be easily accommodated by train or bike networks. In addition, the high cost of car ownership is often offset by the benefits of car-sharing and ride-hailing services, which can provide an affordable alternative to owning a vehicle outright. Furthermore, the environmental impact of cars has been improving over time due to advances in technology and changes in consumer behavior. Many modern cars are designed to be more fuel-efficient and environmentally friendly than their predecessors, and electric vehicles are becoming increasingly viable as a low-carbon option. Rather than banning cars altogether, policymakers should focus on promoting sustainable transportation options that balance the needs of individuals, businesses, and the environment.","While it is true that cars do pose environmental and health concerns, outright banning them may not be the most effective solution. In fact, the film and television industry relies heavily on cars to transport equipment, cast, and crew to remote locations, making it nearly impossible to rely solely on public transportation. Moreover, many productions often take place in areas where public transportation is limited or non-existent, such as rural or hard-to-reach locations. Relying solely on bicycles or walking would not only be impractical but also pose logistical and safety concerns for the cast and crew.

Furthermore, a ban on cars would likely have a ripple effect on the economy, as the film and television industry is a significant contributor to local economies through job creation, tax revenue, and local spending. The loss of this industry could lead to job losses and economic downturns in affected areas. It is also worth noting that the industry has made significant strides in reducing its carbon footprint through sustainable practices such as using electric vehicles, reducing energy consumption, and implementing recycling programs. By working together with the industry to promote sustainable practices and investing in alternative, environmentally-friendly transportation options, we can achieve a more environmentally conscious approach that balances the needs of the industry with the need to protect the environment.

Additionally, public transportation systems may not be equipped to handle the demand for transportation that cars currently provide, particularly in areas with high population densities and limited public transportation infrastructure. The infrastructure required to support widespread public transportation would be significant, and it is unclear whether it would be feasible or cost-effective in the short term. In contrast, electric and hybrid vehicles are becoming increasingly available and affordable, making them a viable alternative to traditional gas-guzzling cars. By investing in electric vehicle infrastructure and promoting sustainable transportation options, we can reduce the environmental impact of the industry while still maintaining the mobility and flexibility that it requires.

Ultimately, a balanced approach that promotes sustainable transportation options and reduces the environmental impact of the film and television industry is the most practical and effective solution. This can be achieved through a combination of investing in alternative energy sources, promoting sustainable practices, and implementing policies that encourage the use of environmentally-friendly transportation options. By working together, we can find a solution that balances the needs of the industry with the need to protect the environment.","While the desire to reduce environmental impact and promote health is understandable, a blanket ban on cars is not the most effective or practical solution. This approach disregards the needs of rural communities where public transportation is often limited or non-existent, and where cars provide a vital connection to essential services and employment opportunities. The engineer's experience working on regional connectivity projects has shown that infrastructure development requires careful consideration of local context, including topography, population density, and economic factors. In many rural areas, cars are not just a luxury, but a necessity for accessing healthcare, education, and economic opportunities.

Furthermore, a ban on cars would also have significant economic implications, particularly for small businesses and rural communities that rely on the tourism industry. Many rural areas have limited public transportation options, and without cars, tourists would be unable to access these areas, resulting in significant economic losses. The engineer would argue that investing in public transportation in rural areas, as suggested, is a more effective way to address these concerns while still promoting sustainable transportation options. By enhancing public transportation in rural areas, it would provide an alternative to private car ownership, reducing reliance on cars while still meeting the mobility needs of residents and visitors.

In addition, the engineer would point out that the argument's reliance on bicycles as a solution for urban areas overlooks the practicalities of commuter traffic, safety concerns, and the need for reliable transportation options during inclement weather. While bicycles can be a viable option for short distances, they are not a suitable replacement for public transportation or cars for longer commutes or in areas with heavy traffic. The engineer would argue that a more balanced approach would involve investing in a multimodal transportation system that integrates public transportation, active transportation (such as walking and cycling), and private vehicle options, while prioritizing sustainable and efficient infrastructure development. This approach would allow for a more equitable distribution of transportation resources, promoting both environmental sustainability and social equity.","While the idea of reducing car use and promoting public transportation and cycling is commendable, it is essential to consider the complexities of implementing such a system. In many suburban and rural areas, the existing infrastructure is not conducive to mass public transportation, and the availability of bike lanes and pedestrian-friendly roads is scarce. Furthermore, the lack of access to reliable and efficient public transportation in these areas could exacerbate social isolation and economic inequality, as residents are forced to rely on personal vehicles to access essential services and employment opportunities. It is also crucial to acknowledge that the current public transportation systems in many cities are often plagued by inefficiencies, inadequate funding, and limited accessibility, which could be worsened by increased demand without corresponding investments in infrastructure.

Moreover, a blanket ban on cars would likely lead to increased costs for those who cannot afford alternative modes of transportation, such as the elderly, low-income households, and people with disabilities. This could create new social and economic burdens, particularly in areas where access to public transportation is already limited. It is also worth noting that the transition to a car-free society would require significant investment in alternative modes of transportation, including infrastructure for buses, trains, and bicycles, which could divert funds away from other essential community development projects.

In addition, the author's solution of raising rails alongside highways could be impractical and potentially costly, especially in areas with limited land availability or existing infrastructure. It is also unclear how this would address the needs of rural areas, where roads are often the only feasible option for accessing remote communities. A more nuanced approach would be to prioritize incremental, community-led development of sustainable transportation systems that take into account local context, resources, and needs. This would involve engaging with local stakeholders, conducting thorough impact assessments, and investing in pilot projects to test innovative solutions before scaling up. By adopting a more pragmatic and inclusive approach, we can create a more sustainable and equitable transportation system that balances the needs of different communities and promotes a healthier environment."
t3_16z6nqg,"Laziness does not exist. I believe Laziness is a concept that was created to define Executive Function Disorder before we had any understanding of it. Im a 33yo male. Ive suffered from ADHD Inattentive type all my life without knowing it, which implies Executive Functions Disorder (EFD). I was convinced I was lazy because of my inabilities to initiate tasks despite my desire to do so. I hated myself for it and thought my life was doomed. I thought I was deemed to be a spectator of my own life. And then my diagnosis came in at 28, and I started taking Metylphenidate, a stimulant prescribed for ADHD. The change in me was so radical, so immediate that I cried. It was like I had been seeing blurry all my life unknowingly and I suddenly had been given glasses and was seeing clear for the first time. I could actually do things I wanted to do, whether it was playing a game, reaching out to a friend, doing exercise, or simply doing a work task Id been putting off for month. And I didnt even dreaded it. It was fucking as simple as willing to do it and Zap, just like that, I could do it. I had been playing life on Hardcore mode, and all of a sudden, I granted access to easy mode. That what 5 years ago. My life completely turned around, and I can barely believe how I was living back then. All of this  laziness  was due to a freaking chemical imbalance in my brain that I could do nothing about despite all my will. From this date, I dont believe laziness exist anymore.","The argument that laziness does not exist may be overly simplistic and neglects the complex interplay between individual experiences, societal expectations, and power dynamics. While the author's personal experience with ADHD and the transformative effect of medication is undeniably remarkable, it cannot be assumed that this is representative of all individuals who struggle with motivation and productivity. In fact, the stigma surrounding laziness is deeply ingrained in societal attitudes towards work, productivity, and personal responsibility. The expectation to be constantly productive and driven is often used as a means of control and discipline, particularly towards marginalized groups such as women, people of color, and individuals with disabilities. This societal pressure can lead to feelings of shame and guilt for those who struggle to meet these expectations, further perpetuating the concept of laziness. Moreover, the idea that laziness is solely a product of a chemical imbalance in the brain oversimplifies the complex interplay between biology, environment, and individual experiences. It also ignores the role of systemic barriers, such as lack of access to education, employment opportunities, and healthcare, which can significantly impact an individual's ability to be productive and motivated. Furthermore, the notion that laziness is not a legitimate concept ignores the lived experiences of individuals who genuinely struggle with motivation and productivity, often due to legitimate reasons such as depression, anxiety, or chronic illness. By dismissing laziness as a concept, we risk trivializing the struggles of those who are already marginalized and stigmatized. A more nuanced understanding of laziness would acknowledge the complex interplay between individual and societal factors, rather than reducing it to a simplistic explanation of a chemical imbalance or a personal failing. This perspective would allow for a more compassionate and inclusive approach to understanding and addressing the struggles of individuals who face difficulties with motivation and productivity.","While it is heartening to hear about the transformative impact of medication on your life, the notion that laziness is purely a product of a chemical imbalance in the brain oversimplifies the complex interplay between environment, habits, and personal motivation that influences human behavior. As a developer, it is essential to recognize that the built environment plays a significant role in shaping people's behaviors, including their productivity and motivation levels. For instance, a well-designed workspace can encourage collaboration and focus, while a poorly lit and cluttered space can lead to distractions and procrastination. By dismissing the concept of laziness, you may be overlooking the potential for environmental design to address this issue. The fact that your medication had a profound impact on your life is not necessarily an argument against the existence of laziness, but rather an indication that there are various factors at play, including the interplay between biology and environment. Moreover, many people without ADHD or EFD struggle with procrastination and lack of motivation, which cannot be solely attributed to a chemical imbalance. Furthermore, the ease with which you were able to perform tasks after taking medication may be attributed to the placebo effect or other external factors, rather than a complete absence of laziness. It is also worth noting that people with ADHD often report improved focus and motivation when working in environments that are tailored to their needs, such as those with minimal distractions and flexible workspaces. This suggests that the built environment can have a significant impact on productivity, independent of any chemical imbalances. By acknowledging the role of the environment in shaping human behavior, developers can design spaces that cater to the diverse needs of their occupants, including those with ADHD and EFD. This holistic approach can lead to more effective solutions for improving productivity and motivation, rather than relying solely on medication or dismissing the concept of laziness altogether.","While it's heartening to hear about the transformative impact of a correct diagnosis and treatment for ADHD, the assertion that laziness does not exist oversimplifies the complex dynamics at play. Laziness is not merely a misconception or a product of a chemical imbalance, but rather a multifaceted concept that is shaped by a variety of factors, including societal expectations, cultural norms, and individual experiences. By dismissing laziness as a legitimate concept, we risk neglecting the ways in which societal pressures and systemic inequalities can contribute to feelings of lethargy and disengagement. For instance, research has shown that marginalized communities are often subjected to intergenerational trauma, poverty, and limited access to resources, which can lead to feelings of hopelessness and disconnection. In this context, it's not necessarily a matter of laziness, but rather a product of systemic oppression. Furthermore, the concept of laziness can be a useful tool for social control, particularly in the context of capitalist societies that value productivity and efficiency above all else. By pathologizing laziness, we risk perpetuating a system that prioritizes the interests of the wealthy and powerful over those who are struggling to survive. Moreover, the author's experience, while remarkable, is not representative of the entire spectrum of human experience. Many people continue to struggle with feelings of laziness despite having access to resources and support, suggesting that there may be more to the concept than a simple chemical imbalance. By acknowledging the complexities of laziness, we can work towards creating a more nuanced understanding of human behavior and develop more effective strategies for addressing the root causes of disengagement and disconnection. In doing so, we can create a more compassionate and equitable society that values the well-being of all individuals, regardless of their productivity or ability to conform to societal norms.","A critical examination of your argument reveals an overreliance on anecdotal evidence and a limited perspective on the multifaceted nature of human behavior. While it is undeniable that brain chemistry plays a role in cognitive functioning, the relationship between Executive Function Disorder (EFD) and laziness is far more intricate than your account implies. The complex interplay between psychological, environmental, and social factors cannot be captured by the simplistic narrative of a chemical imbalance being the sole cause of laziness. Many people with EFD or ADHD continue to struggle with motivation despite treatment and medication, highlighting the need for a more nuanced understanding of human behavior. Your assertion that ""all this 'laziness' was due to a freaking chemical imbalance in my brain"" oversimplifies the experiences of others who may face similar challenges but have not received a diagnosis or have not experienced the same level of transformation.","The argument that laziness does not exist because it can be linked to Executive Function Disorder (EFD) overlooks the fact that EFD is a symptom, not an explanation. The underlying causes and contributing factors to EFD, such as genetics, environment, or socioeconomic status, are complex and multifaceted. Moreover, the relationship between EFD and laziness is often mediated by other psychological variables like self-efficacy, goal-setting, and motivation. People with EFD may struggle with initiating tasks due to difficulties in planning, organization, or time management, which can be exacerbated by environmental factors such as lack of structure or support. Reducing the concept of laziness to a single explanation ignores the interplay between various psychological, social, and environmental influences that shape human behavior. By dismissing laziness altogether, we risk oversimplifying the complexities of human experience and neglecting the importance of understanding the nuances of motivation and goal-achievement in different contexts.","The concept of laziness may not be a fixed entity, but it still serves as an invaluable tool for self-reflection and personal growth. While your experience with ADHD and Metylphenidate is genuinely remarkable, it does not negate the existence of laziness in its entirety. Many individuals have historically been motivated by internal drives, such as passion or curiosity, to accomplish their goals without any external aid. Furthermore, people from diverse backgrounds continue to struggle with procrastination, lack of motivation, and difficulties initiating tasks due to various reasons beyond brain chemistry imbalances. These experiences suggest that the complexities of human behavior cannot be reduced solely to a medical explanation. The notion of laziness as a state of being rather than a fixed trait also acknowledges that individuals can exhibit varying degrees of motivation across different contexts or periods in their lives. Your personal transformation, though extraordinary, may not represent the norm and might not generalize to others who are struggling with similar issues."
t3_f0ybad,"Declaring your sexuality on national TV is not an act worth commending This opinion is in response to Philip Schofield, a presenter on 'This Morning' in the UK, coming out as gay on national TV recently. The guy was married for 27 years to his wife and has two children with her. He has now come out as gay and made it a point to declare it on the show. I don't have any hate towards the LGBTQ community at all and if you're gay then that's nice for you but honestly, who cares? Why is everyone making it seem like he is a hero for declaring his sexuality? On a lesser note, does no one care about the sanctity of marriage anymore? Marriage is a big commitment and it would hurt me a lot to think that after all those years my partner was lying to me and himself this whole time. Instead, he is being praised and applauded like it's a brave thing to do. It's not brave. It's nothing (actually it's kind of shit for his wife and kids). No one cares who you're attracted to. That's your personal business. There are so many issues in the world that are more worthy of reporting and attention than coming out in a country that is liberal. Can the news outlets focus on something important and not this nonsense for once? Edit: let me apologise and retract the last paragraph about marriage and his wife. As a lot of the comments have pointed out and from my own understanding, I know he has already got his family's support despite it being a tough thing to accept after being married for so long. That matter is between him and his family and on that basis I take it back and apologise for using it as my fuel to my argument initially. The main thing is the media coverage on this and him being labelled a hero for it which is what I disagree with.","The dismissal of Philip Schofield's coming out as 'nonsense' or 'unimportant' reflects a misguided notion that only issues related to politics, economics, or social justice are worthy of attention. However, human experiences and personal stories can have a profound impact on our understanding of the world and its complexities. By neglecting the significance of Philip Schofield's coming out, we overlook the ways in which representation and visibility can shape cultural attitudes and challenge dominant narratives. Furthermore, the media coverage surrounding his announcement has sparked conversations about identity, acceptance, and empathy that are essential for building a more compassionate society. In contrast to focusing solely on 'more worthy' issues, celebrating Philip Schofield's coming out acknowledges the power of storytelling in shaping public discourse and promoting greater understanding and acceptance.","The focus on Philip Schofield's coming out as a personal matter rather than a brave act overlooks the systemic barriers that LGBTQ individuals face in everyday life. Coming out is often a carefully considered decision that requires great courage, especially for those who fear rejection or persecution from family, friends, and society at large. By labeling Philip Schofield's actions as 'nothing' or 'not brave,' we trivialize the many struggles faced by LGBTQ people, including the risk of losing relationships, employment opportunities, or even their lives. Furthermore, the emphasis on individual courage rather than structural change distracts from the need for more comprehensive and inclusive policies that protect LGBTQ rights. In a society where hate crimes against LGBTQ individuals remain prevalent, celebrating Philip Schofield's coming out as a heroic act sends an important message about valuing diversity and promoting acceptance.","The notion that coming out on national TV is not an act worth commending overlooks the immense significance of visibility and representation for marginalized communities. By speaking publicly about his identity, Philip Schofield sends a powerful message to young people who may be struggling with their own sexual orientation or gender identity. The attention and support he receives can help create a more inclusive and accepting environment, which is crucial for promoting mental health and well-being among LGBTQ individuals. Furthermore, coming out on national TV challenges the stereotypes and misconceptions that persist in society about gay people. It humanizes and normalizes being gay, making it easier for others to understand and accept their own identities or those of their loved ones. By praising Philip Schofield's courage, we are not diminishing the importance of other issues; rather, we are acknowledging the progress made towards greater acceptance and equality.","It is understandable that the author feels uneasy about the media's focus on Philip Schofield's coming out, particularly given the traditional values they hold dear. However, it is essential to recognize that Schofield's decision to come out as gay is not a rejection of traditional marriage or relationships, but rather an acknowledgment of his true identity. By sharing his story, Schofield is helping to humanize and normalize LGBTQ individuals, making it easier for others to be open about their own identities. This, in turn, contributes to a more inclusive and accepting society, where everyone can feel comfortable being themselves.

The author's concern that Schofield's coming out distracts from more pressing social issues is valid, but it overlooks the fact that LGBTQ individuals often face unique challenges and struggles that are not always at the forefront of mainstream media. By highlighting Schofield's story, the media is bringing attention to the importance of acceptance and understanding, which can have a positive impact on the broader social landscape. Furthermore, Schofield's decision to come out is not a zero-sum game, where his actions somehow diminish the value of traditional relationships. Rather, it is a testament to the complexity and diversity of human experience, where individuals can hold multiple identities and relationships that are not mutually exclusive.

It is also worth noting that Schofield's coming out is not an isolated incident, but rather part of a broader cultural shift towards greater acceptance and inclusivity. This shift is not about eroding traditional values, but rather about recognizing and valuing the diversity of human experience. By embracing this shift, society can become more nuanced and empathetic, acknowledging that there is no one-size-fits-all approach to relationships and identity. In fact, Schofield's decision to come out has likely inspired countless individuals to be more open and honest about their own identities, which can have a profound impact on mental health, well-being, and overall quality of life.

Ultimately, the media's focus on Schofield's coming out is not a distraction from more pressing social issues, but rather an opportunity to promote greater understanding, acceptance, and empathy. By engaging with and celebrating the stories of LGBTQ individuals, we can create a more inclusive and compassionate society, where everyone can thrive.","The media coverage of Philip Schofield's coming out as gay is not just about him, but about creating a more inclusive and accepting society. By sharing his story, he has given a voice to those who have been marginalized and silenced for far too long. The fact that he has chosen to be open and honest about his sexuality is a testament to his bravery and courage, and it is this quality that has inspired so many people. In an industry where visibility and representation matter, Philip's decision to share his story has helped to break down barriers and challenge the status quo.

It is also worth noting that the media coverage of Philip Schofield's coming out is not about celebrating his individual decision, but about the impact it has on a wider community. By sharing his story, he has helped to create a more accepting and inclusive environment for LGBTQ individuals, and has provided a platform for others to express themselves and be themselves. This is not about diminishing the importance of traditional values, but about recognizing that people's identities and experiences are complex and multifaceted.

Furthermore, the media coverage of Philip Schofield's coming out has also sparked important conversations about the importance of acceptance and understanding in our society. It has highlighted the need for education and awareness about LGBTQ issues, and has encouraged people to be more empathetic and compassionate towards others. By engaging with these conversations, we can work towards creating a more inclusive and accepting society, where people feel comfortable being themselves and living authentically.

Ultimately, Philip Schofield's decision to come out as gay is not just about him, but about the impact it has on all of us. It is about creating a society where everyone has the freedom to be themselves, without fear of judgment or persecution. By celebrating his courage and bravery, we are not diminishing traditional values, but recognizing the importance of acceptance and understanding in creating a more inclusive and compassionate society.","The notion that Philip Schofield's coming out on national TV is not worthy of praise or attention overlooks the profound impact such courageous acts can have on marginalized communities. Coming out is not just a personal revelation, but a statement of solidarity and a beacon of hope for those who have been struggling with their identities in silence. By sharing his story, Schofield has the potential to inspire countless individuals to be more authentic and honest about themselves, which can lead to a more compassionate and inclusive society. The fact that he is being hailed as a hero is not because his sexual orientation is being prioritized over other issues, but rather because his bravery and vulnerability have created a ripple effect of acceptance and empathy.

Moreover, Schofield's decision to come out on a high-profile platform like ""This Morning"" sends a powerful message to his children, who may have been confused or uncertain about their father's identity. By publicly embracing his true self, Schofield is showing them that it is okay to be different and that their father's love and commitment to them is unwavering despite his sexual orientation. This kind of authentic expression can have a profound impact on the development of children, teaching them about acceptance, tolerance, and the importance of being true to oneself. The media attention surrounding Schofield's coming out may seem trivial to some, but for those who have been marginalized or excluded, it is a reminder that they are seen, heard, and valued.

Furthermore, the idea that coming out is not worthy of attention ignores the significant role that media representation plays in shaping public opinion and attitudes towards LGBTQ individuals. By sharing his story, Schofield is helping to humanize and demystify the LGBTQ community, making it easier for others to understand and relate to them. This can lead to a reduction in stigma and discrimination, creating a more inclusive and accepting environment for everyone. The media's focus on Schofield's coming out may be perceived as trivial, but it has the potential to create a lasting impact on the lives of many people."
t3_2a7f52,"The New Dr. Who is one of the most overrated shows of all time. I'm talking about the new ones not the classic ones. I really don't see what all the fuss is about this show. It has poor CGI, it's not that funny, and I just find it generally boring. The old ""Time Traveling"" storyline would honestly fit better into a movie over a full on TV Show. Maybe if the episodes were shorter I'd be able to actually complete them in one sitting. But as of right now, the 1 hour boring episodes are impossible to actually sit through. Meanwhile, everyone else on the planet talks and talks about it like it's some sort of religion. I don't understand. Edit: Seeing as multiple people suggest I skip Christopher Eccleston and go to Matt Smith I will try that and see if it changes my view on the series. 2nd Edit: I have awarded Deltas to those whose comments suggest I go to later places in the series. After watching a few later episodes, I can see why people can come to love it. The episodes I watched were from Season 3 and even then I noticed a significant difference. These episodes had better quality than Season 1 so I can only imagine that it has gone up even more into Season 7. Thanks to everyone who submitted a comment.","The assertion that Dr. Who is boring likely stems from an incomplete understanding of the series' vast and varied universe. Each season explores unique themes, villains, and characters, offering viewers something new to engage with each time. Furthermore, the show's format allows for character development over multiple episodes or even seasons, making it possible for viewers to form deep emotional connections with its cast.

In contrast to films, which can feel claustrophobic and restrictive in their narrative scope, Dr. Who offers an expansive universe that invites exploration and speculation from its audience. The 1-hour episode length may seem like a drawback at first glance but is actually designed to balance action, drama, and character moments within each installment.

Ultimately, the reasons for Dr. Who's enduring popularity are multifaceted and defy easy explanation. Rather than dismissing the show as overrated or boring, it's more productive to appreciate its unique strengths and the diverse range of experiences it offers viewers.","The notion that The New Dr. Who is overrated can be attributed to a misunderstanding of its intended purpose and audience. The show's complex narrative and character development, which may seem tedious at first, are deliberate choices aimed at engaging a diverse range of viewers. The use of CGI, while imperfect in some cases, serves as a visual representation of the show's themes and ideas, adding depth to an otherwise straightforward time-traveling concept. Furthermore, humor is subjective, and the show's tone is intentionally eclectic to appeal to different tastes. It's possible that the original author's disappointment stems from an expectation of a more traditional sci-fi experience, which Dr. Who never claimed to be.

Moreover, Dr. Who's format as a television series allows for exploration of complex ideas in ways that films cannot. The 1-hour episode length is actually conducive to allowing viewers to absorb and engage with the storylines, rather than being rushed through a movie-style narrative. This pacing enables character development and relationships to flourish, making the show more appealing to its dedicated fan base. In fact, many critics praise Dr. Who for its ability to balance entertainment value with intellectual curiosity.

In light of this understanding, it's clear that The New Dr. Who is not simply a bland, boring TV show, as initially claimed, but rather a thoughtful and engaging series that rewards attentive viewers.","The perception of poor CGI in Dr. Who may be unfounded or based on personal taste. Visual effects have improved significantly over the seasons, with many fans praising the show's ability to seamlessly integrate its CGI elements into live-action sequences. Moreover, the use of practical effects and creative camera work often compensates for any perceived shortcomings in CGI.

It's also worth noting that Dr. Who's humor is intentionally absurdist and irreverent, which may not be everyone's cup of tea. However, this aspect of the show is actually a deliberate choice to subvert expectations and create an air of unpredictability around each episode. This approach makes the series more engaging for its core audience and allows it to stand out from other sci-fi shows.

The statement that the old time-traveling storyline would fit better in a movie over a full-on TV show is also misguided. Time travel, as explored in Dr. Who, is inherently suited to episodic storytelling due to its inherent complexity and non-linear nature. The show's format allows for multiple plot threads to intersect and resolve in ways that might be confusing or disjointed if presented in a linear film.","The notion that Dr. Who is ""overrated"" fails to account for the complexities of the show's narrative structure, which is a deliberate departure from traditional storytelling. By embracing the avant-garde spirit of 1960s British television, Dr. Who's creators, such as Sydney Newman and Verity Lambert, successfully subverted the conventions of science fiction, creating a show that is both timeless and timely. The show's use of non-linear storytelling, multiple plot threads, and meta-references to its own narrative creates a rich and complex world that rewards close attention and multiple viewings. Furthermore, the show's exploration of themes such as time, space, and identity reflects the anxieties and concerns of post-war Britain, offering a unique window into the cultural and historical context of the time. The character of the Doctor himself is a masterful creation, embodying the contradictions and complexities of the British identity, and the show's writers have consistently pushed the boundaries of what is possible in a television character. While the original author may have found the show's pacing to be slow, this is a deliberate choice, mirroring the show's focus on character development and thematic resonance over plot-driven action. The show's 45-minute format, rather than being a limitation, allows for a level of depth and complexity that is rare in modern television. In fact, the show's slow-burning narrative is reminiscent of the gradual build-up of tension in literary works such as James Joyce's Ulysses or Virginia Woolf's Mrs. Dalloway. The show's ability to balance action, humor, and pathos is a testament to the skill of its writers, who have created a show that is both entertaining and intellectually stimulating. By examining the show's cultural and historical context, narrative structure, and thematic resonance, it becomes clear that Dr. Who is anything but an ""overrated"" show.","Upon closer examination, it becomes clear that Dr. Who's perceived shortcomings  namely, its CGI and episode length  are, in fact, strategic narrative choices that serve to reinforce the show's themes and character development. The show's reliance on CGI, rather than being a weakness, allows for a greater emphasis on character-driven storytelling and emotional resonance. By focusing on the human experience and relationships, the show creates a more intimate and relatable connection with the audience, making the fantastical elements all the more impactful. Furthermore, the 60-minute episode structure is not a hindrance, but rather a deliberate attempt to craft a self-contained narrative within each episode, allowing viewers to engage with a new, self-contained story every week, while also contributing to a larger, serialized narrative arc. This approach is reminiscent of the structure employed by many successful TV shows, such as Breaking Bad and The Sopranos, which use a similar format to great effect. The show's pacing, which may seem slow to some, is actually a deliberate choice to allow for character development, emotional depth, and thematic resonance. By slowing down the pace, the show creates a sense of tension and anticipation, keeping viewers engaged and invested in the story. The scholar's understanding of modern American dark comedies can also be applied to Dr. Who's use of satire and social commentary, which serves to critique contemporary issues and societal norms, making the show a thought-provoking and intellectually stimulating experience. Rather than being a simplistic, time-traveling romp, Dr. Who is a rich and complex exploration of human nature, identity, and the consequences of playing with time. The show's use of meta-references and self-aware humor also adds a layer of depth and cleverness, making it a show that rewards close attention and multiple viewings. Ultimately, the author's initial impression of Dr. Who as a boring, overrated show is a result of a surface-level understanding, and a more nuanced analysis reveals a show that is, in fact, a sophisticated and engaging work of television.","While it may be true that the early seasons of the New Dr. Who series may not have met the expectations of some viewers, it's essential to consider the show's overall trajectory and its ability to adapt and improve over time. The fact that the author found episodes from Season 3 to be of better quality suggests that the series is capable of growth and evolution. A successful television show is not just about its individual episodes, but about its ability to maintain a loyal fan base and attract new viewers over an extended period. The New Dr. Who series has consistently demonstrated this ability, with each new season introducing new characters, plot twists, and themes that appeal to a diverse range of audiences.

Moreover, the show's long-term appeal can be measured by its impact on popular culture and its influence on other television shows and movies. The New Dr. Who series has been credited with helping to revitalize the science fiction genre and inspire a new generation of writers, directors, and producers. Its ability to transcend age groups and demographics is a testament to its ability to appeal to a broad audience and its capacity for innovation and adaptation. In the context of real estate development, a property's long-term potential is often more valuable than its initial appeal, and the New Dr. Who series is a prime example of a project that has demonstrated significant growth and potential over time.

Furthermore, the show's use of time travel as a storytelling device allows for a wide range of creative possibilities and allows the writers to explore complex themes and ideas in a unique and engaging way. The 1-hour format may not be ideal for every viewer, but it also provides an opportunity for the writers to develop complex storylines and characters over an extended period. In fact, many successful television shows have used this format to great effect, and the New Dr. Who series is no exception. Rather than viewing the show's format as a limitation, it's essential to consider its potential as a key factor in its success and appeal.

Ultimately, the New Dr. Who series is a prime example of a project that has demonstrated significant growth and potential over time. Rather than dismissing it based on its early seasons, it's essential to consider its overall trajectory and its ability to adapt and evolve. The show's long-term appeal, its impact on popular culture, and its ability to attract and retain a diverse range of audiences make it a valuable asset that is worth considering for its potential as a long-term investment."
